affiliation_id,start_date,end_date,is_primary,author_id
1,01.01.2015,,yes,10.0
1,01.03.2016,31.05.2018,no,29.0
1,01.01.2014,31.12.2017,yes,32.0
1,01.01.2014,,yes,54.0
1,01.04.2019,,yes,55.0
1,01.04.2017,31.01.2019,yes,55.0
1,01.01.2014,,yes,56.0
1,01.04.2020,,yes,64.0
1,01.01.2021,31.12.2024,yes,65.0
1,01.06.2024,,yes,66.0
1,01.04.2018,,yes,67.0
1,01.01.2014,,yes,68.0
1,01.01.2014,31.08.2016,yes,71.0
1,01.01.2014,,yes,73.0
1,01.01.2014,31.01.2019,yes,74.0
1,01.01.2014,30.09.2019,yes,75.0
1,01.02.2016,30.09.2019,yes,76.0
1,01.10.2012,,yes,81.0
1,01.08.2018,,yes,82.0
1,01.01.2018,31.12.2019,no,83.0
1,01.05.2014,,yes,87.0
1,01.09.2017,,yes,88.0
1,01.01.2014,31.08.2015,yes,88.0
1,01.01.2014,,yes,89.0
1,01.09.2020,30.09.2023,yes,90.0
1,01.01.2019,,yes,91.0
1,01.01.2014,,yes,92.0
1,01.01.2014,,yes,93.0
1,01.06.2016,31.05.2024,yes,103.0
1,01.10.2019,,yes,104.0
1,01.10.2013,,yes,105.0
1,01.01.2019,31.08.2023,yes,106.0
1,01.04.2017,28.02.2022,yes,118.0
1,01.01.2019,30.06.2020,yes,119.0
1,01.01.2014,,yes,127.0
1,01.09.2015,,yes,138.0
1,01.01.2014,,yes,142.0
1,01.09.2020,,yes,163.0
1,01.01.2017,31.12.2023,yes,166.0
1,01.02.2017,31.03.2018,yes,180.0
1,01.02.2014,30.09.2020,yes,181.0
1,01.10.2014,31.12.2015,yes,182.0
1,01.04.2020,,yes,184.0
1,01.10.2008,31.12.2022,no,198.0
1,01.01.2019,31.03.2024,yes,201.0
1,01.07.2020,,yes,202.0
1,01.01.2014,28.02.2019,yes,206.0
1,01.01.2010,31.05.2013,yes,219.0
1,01.01.2017,31.03.2018,yes,223.0
1,01.04.2015,31.12.2017,yes,226.0
1,01.01.2014,,yes,227.0
1,01.01.2014,30.11.2017,yes,249.0
1,01.10.2014,31.03.2018,yes,252.0
1,01.02.2014,31.08.2024,yes,275.0
1,01.01.2014,,yes,276.0
1,01.10.2017,31.01.2019,yes,297.0
1,01.11.2019,,yes,329.0
1,01.06.2017,,yes,333.0
1,01.08.2017,30.06.2023,yes,334.0
1,01.01.2014,30.09.2019,yes,361.0
1,01.09.2018,,yes,382.0
1,01.10.2016,,yes,387.0
1,01.11.2017,31.10.2020,yes,409.0
1,01.01.2014,,yes,425.0
1,01.10.2016,30.04.2025,yes,434.0
1,01.01.2014,30.09.2020,yes,446.0
1,01.01.2014,,yes,452.0
1,01.03.2017,31.05.2021,yes,453.0
1,01.04.2017,21.12.2018,yes,454.0
1,01.10.2015,31.12.2021,yes,458.0
1,01.05.2020,30.03.2021,no,460.0
1,01.03.2022,,yes,460.0
1,01.10.2017,30.09.2018,yes,460.0
1,01.11.2018,31.07.2023,yes,461.0
1,01.01.2019,31.12.2021,yes,463.0
1,01.04.2015,31.08.2021,yes,464.0
1,01.10.2025,,yes,464.0
1,01.01.2019,30.11.2021,yes,477.0
1,01.12.2017,31.08.2022,yes,480.0
1,01.01.2014,,yes,487.0
1,01.01.2014,,yes,495.0
1,01.10.2015,30.09.2017,no,505.0
1,01.04.2018,31.03.2020,yes,507.0
1,01.02.2019,,yes,508.0
1,01.01.2014,,yes,509.0
1,01.10.2018,30.09.2022,yes,514.0
1,01.09.2018,,yes,517.0
1,01.02.2017,,yes,551.0
1,01.02.2022,,yes,553.0
1,01.05.2018,30.04.2023,yes,568.0
1,01.01.2015,31.12.2019,yes,569.0
1,01.05.2020,,yes,572.0
1,01.01.2017,,yes,573.0
1,01.12.2023,,yes,587.0
1,01.01.2020,,yes,592.0
1,01.11.2016,31.12.2018,yes,607.0
1,01.10.2021,,yes,615.0
1,01.07.2016,,yes,636.0
1,01.01.2018,31.01.2023,yes,642.0
1,01.04.2016,30.04.2020,yes,674.0
1,01.01.2021,,yes,683.0
1,01.01.2014,31.01.2018,yes,683.0
1,01.01.2018,31.08.2021,yes,701.0
1,01.08.2021,,yes,709.0
1,01.01.2014,,yes,711.0
1,01.01.2018,30.09.2019,yes,717.0
1,01.09.2016,,yes,744.0
1,01.04.2020,31.12.2022,yes,745.0
1,01.01.2019,,yes,751.0
1,01.01.2017,,yes,752.0
1,01.01.2014,,yes,753.0
1,01.01.2021,,yes,757.0
1,01.02.2023,31.10.2024,yes,763.0
1,01.01.2014,,yes,766.0
1,01.01.2014,30.04.2018,yes,791.0
1,01.10.2020,,yes,802.0
1,01.01.2014,31.08.2017,yes,807.0
1,01.01.2018,,yes,808.0
1,01.01.2014,,yes,820.0
1,01.01.2014,,yes,867.0
1,01.10.2013,31.08.2018,yes,897.0
1,01.01.2026,,yes,905.0
1,01.04.2018,30.06.2020,yes,906.0
1,01.01.2014,30.08.2014,yes,936.0
1,01.01.2014,,yes,1005.0
1,01.01.2014,,yes,1040.0
1,01.04.2014,,yes,1041.0
1,01.01.2019,31.12.2019,yes,1042.0
1,01.01.2019,,yes,1093.0
1,01.01.2014,,yes,1195.0
1,01.01.2019,,yes,1208.0
1,01.09.2021,31.01.2026,yes,422.0
1,01.03.2021,,yes,518.0
1,01.12.2020,30.09.2022,yes,586.0
1,01.04.2022,,yes,594.0
1,01.08.2021,,yes,608.0
1,01.06.2019,30.06.2025,yes,609.0
1,01.01.2018,,yes,662.0
1,01.01.2014,,yes,742.0
1,01.10.2013,30.06.2019,yes,788.0
1,01.05.2014,28.02.2023,yes,809.0
1,01.01.2017,14.08.2020,yes,892.0
1,01.11.2021,,yes,1037.0
1,01.02.2019,31.03.2021,yes,1058.0
1,01.04.2019,,yes,1075.0
1,01.05.2025,,yes,1076.0
1,01.04.2018,,yes,1092.0
1,01.08.2023,,yes,1094.0
1,01.10.2016,30.09.2020,yes,1116.0
1,01.03.2019,,yes,1189.0
1,01.05.2021,,yes,1194.0
1,01.03.2021,,yes,1206.0
2,01.01.2015,,yes,10.0
2,01.01.2016,31.12.2019,yes,13.0
2,01.08.2008,30.11.2012,yes,23.0
2,01.01.2002,31.12.2017,yes,32.0
2,01.04.2019,,yes,33.0
2,01.11.2013,,yes,46.0
2,01.04.2019,,no,55.0
2,01.12.2005,31.03.2017,yes,55.0
2,01.10.2008,31.12.2013,yes,56.0
2,01.01.2014,31.05.2016,yes,60.0
2,01.04.2012,31.03.2020,yes,64.0
2,01.05.2011,31.12.2013,yes,68.0
2,01.10.2009,30.09.2013,yes,69.0
2,01.10.2008,,yes,70.0
2,01.10.2009,31.03.2015,yes,71.0
2,01.03.2011,30.09.2013,yes,72.0
2,01.04.2009,28.02.2016,yes,74.0
2,01.04.2016,,yes,76.0
2,01.10.2007,31.08.2018,yes,79.0
2,01.01.2002,31.12.2020,yes,80.0
2,01.01.2002,30.09.2023,yes,83.0
2,01.01.2022,,yes,87.0
2,01.06.2015,31.08.2017,yes,88.0
2,01.08.2010,31.12.2013,yes,88.0
2,01.10.2016,31.03.2017,yes,91.0
2,01.10.2012,31.12.2013,yes,92.0
2,01.04.2011,31.12.2013,yes,93.0
2,01.09.2008,31.12.2013,yes,127.0
2,01.04.2009,,yes,131.0
2,01.07.2011,31.12.2013,yes,142.0
2,01.10.2011,30.09.2012,yes,145.0
2,01.07.2012,31.08.2020,yes,163.0
2,01.10.2017,30.09.2020,yes,165.0
2,01.01.2017,31.12.2017,yes,166.0
2,01.07.2018,31.08.2020,yes,167.0
2,01.01.2009,31.12.2012,yes,177.0
2,01.04.2009,31.01.2014,yes,181.0
2,01.02.2011,31.07.2014,yes,182.0
2,01.10.2005,30.09.2011,yes,183.0
2,01.05.2018,31.09.2021,yes,184.0
2,01.10.2017,30.06.2020,yes,202.0
2,01.10.2013,,yes,203.0
2,01.01.2020,31.12.2020,yes,204.0
2,01.06.2020,,yes,205.0
2,01.06.2011,31.12.2013,yes,206.0
2,01.06.2011,30.08.2012,yes,221.0
2,01.10.2011,30.09.2012,yes,222.0
2,01.01.2012,31.03.2018,yes,223.0
2,01.09.2017,01.03.2024,yes,226.0
2,01.03.2005,31.12.2013,yes,227.0
2,01.10.2022,,yes,228.0
2,01.10.2011,,yes,237.0
2,01.12.2017,31.10.2019,yes,249.0
2,01.07.2011,31.10.2013,yes,254.0
2,01.10.2005,31.07.2017,yes,276.0
2,01.01.2014,31.12.2017,yes,291.0
2,01.09.2013,30.09.2024,yes,294.0
2,01.11.2019,31.03.2024,yes,295.0
2,01.10.2005,01.09.2022,yes,296.0
2,01.11.2012,30.09.2017,yes,297.0
2,01.04.2008,31.12.2021,yes,298.0
2,01.02.2019,,yes,299.0
2,01.10.1999,30.09.2008,yes,313.0
2,01.03.2017,31.03.2020,yes,329.0
2,01.01.2010,,yes,330.0
2,01.10.2012,,yes,331.0
2,01.04.2017,,yes,332.0
2,01.07.2023,,yes,334.0
2,01.10.2017,30.09.2019,yes,361.0
2,01.10.2010,31.12.2013,yes,361.0
2,01.10.2019,30.09.2021,yes,361.0
2,01.04.2022,,yes,377.0
2,01.01.2018,31.12.2019,yes,378.0
2,01.01.2020,,yes,388.0
2,01.07.2005,28.02.2019,yes,412.0
2,01.08.2010,,yes,423.0
2,01.01.2018,31.12.2022,yes,424.0
2,01.09.2005,31.12.2013,yes,425.0
2,01.01.2019,31.03.2019,yes,435.0
2,01.10.2008,31.12.2013,yes,446.0
2,01.04.2008,31.12.2013,yes,452.0
2,01.10.2009,31.12.2018,yes,454.0
2,01.08.2023,,yes,461.0
2,01.11.2016,,yes,478.0
2,01.11.2012,31.12.2018,yes,481.0
2,01.03.2005,31.12.2013,yes,487.0
2,01.10.2014,,yes,492.0
2,01.10.2008,31.12.2013,yes,495.0
2,01.10.2010,30.09.2015,yes,501.0
2,01.10.2013,31.03.2018,yes,508.0
2,01.08.2007,31.12.2013,yes,509.0
2,01.10.2018,30.09.2022,yes,514.0
2,01.01.2008,30.09.2010,no,536.0
2,01.01.2019,31.12.2019,yes,537.0
2,01.10.2014,30.09.2017,yes,549.0
2,01.10.2007,30.09.2009,yes,550.0
2,01.04.2010,30.04.2011,no,551.0
2,01.11.2011,31.07.2014,yes,554.0
2,01.01.2010,31.01.2013,yes,555.0
2,01.04.2008,30.09.2011,yes,557.0
2,01.01.2009,30.09.2011,yes,562.0
2,01.06.2013,30.04.2016,yes,563.0
2,01.06.2023,31.05.2024,yes,568.0
2,01.03.2005,31.07.2010,yes,571.0
2,01.10.2003,30.09.2006,yes,580.0
2,01.12.2018,,yes,607.0
2,01.10.2007,30.06.2020,yes,610.0
2,01.10.2009,30.06.2017,yes,636.0
2,01.10.2014,31.05.2017,yes,637.0
2,01.07.2022,,yes,642.0
2,01.04.2022,,yes,651.0
2,01.02.2018,31.12.2020,yes,683.0
2,01.12.2011,31.07.2013,yes,683.0
2,01.01.2014,31.12.2017,yes,701.0
2,01.05.2011,31.12.2013,yes,711.0
2,01.04.2013,30.04.2016,yes,718.0
2,01.06.2018,29.02.2024,yes,733.0
2,01.12.2006,31.12.2013,yes,753.0
2,15.09.2024,15.02.2025,yes,763.0
2,01.10.2013,31.08.2018,yes,764.0
2,01.08.2016,31.03.2019,yes,765.0
2,01.10.2014,30.11.2017,yes,768.0
2,01.04.2021,,yes,776.0
2,01.10.2014,30.09.2018,yes,789.0
2,01.11.2012,31.12.2013,yes,791.0
2,01.05.2018,,yes,791.0
2,01.10.2016,30.09.2019,yes,799.0
2,01.04.2008,,yes,800.0
2,01.04.2013,31.10.2020,yes,801.0
2,01.05.2006,31.12.2013,yes,807.0
2,01.01.2010,30.09.2016,yes,808.0
2,01.10.2015,30.09.2024,yes,812.0
2,01.09.2008,31.12.2013,yes,820.0
2,01.06.2011,30.11.2012,yes,843.0
2,01.10.2008,31.12.2013,yes,867.0
2,01.03.2011,30.09.2013,yes,897.0
2,01.10.2014,30.09.2017,yes,900.0
2,01.01.2019,30.09.2023,yes,905.0
2,01.01.2020,31.03.2021,yes,927.0
2,01.08.2011,31.05.2017,yes,957.0
2,01.07.2011,,yes,958.0
2,01.10.2013,31.05.2019,yes,978.0
2,01.11.2020,31.03.2023,yes,995.0
2,01.04.2020,,yes,996.0
2,01.10.2013,30.09.2019,yes,999.0
2,01.03.2023,,yes,1001.0
2,01.09.2009,31.12.2013,yes,1005.0
2,01.01.2006,,yes,1044.0
2,01.01.2017,31.01.2019,yes,1069.0
2,01.01.2017,31.12.2018,no,1093.0
2,01.10.2013,,yes,1156.0
2,01.06.2010,31.12.2013,yes,1195.0
2,01.04.2012,31.08.2021,yes,422.0
2,01.04.2011,,yes,483.0
2,01.04.2014,30.09.2017,yes,513.0
2,01.10.1997,31.12.2010,yes,538.0
2,01.10.2008,31.12.2008,yes,539.0
2,01.06.2012,31.08.2021,yes,608.0
2,01.08.2017,31.03.2023,yes,609.0
2,01.05.2009,28.02.2012,yes,613.0
2,01.06.2008,31.12.2013,yes,742.0
2,01.10.2014,28.02.2019,yes,754.0
2,01.11.2022,,yes,788.0
2,01.04.2010,31.12.2013,yes,898.0
2,01.12.2019,31.12.2024,yes,928.0
2,01.09.2017,30.06.2022,yes,1067.0
2,01.10.2015,31.03.2018,yes,1094.0
2,01.09.2008,30.09.2009,yes,1103.0
2,01.04.2012,,yes,1137.0
2,01.01.2017,30.06.2023,no,1141.0
2,01.04.2012,30.08.2015,yes,1142.0
2,01.01.2017,,yes,1151.0
2,01.10.2014,30.09.2020,yes,1191.0
2,01.04.2011,30.09.2019,yes,1068.0
3,01.10.2013,,yes,58.0
3,01.01.2020,31.12.2020,yes,100.0
3,01.01.2001,30.09.2020,yes,128.0
3,01.01.2011,30.09.2018,yes,129.0
3,01.10.2005,30.09.2008,yes,130.0
3,01.01.2013,28.02.2020,yes,133.0
3,01.10.2014,31.12.2016,yes,134.0
3,01.01.2011,,yes,136.0
3,01.01.2023,,yes,140.0
3,01.10.2020,31.03.2023,yes,171.0
3,01.06.2023,,yes,172.0
3,01.01.2015,31.12.2025,yes,173.0
3,01.02.2016,31.01.2019,yes,260.0
3,01.10.2013,30.09.2020,yes,262.0
3,01.01.2020,,yes,300.0
3,01.03.2019,,yes,301.0
3,01.10.2006,30.09.2010,yes,309.0
3,01.09.2018,,yes,364.0
3,01.10.2007,,yes,365.0
3,01.08.2019,30.11.2025,yes,366.0
3,01.03.2009,30.09.2018,yes,366.0
3,01.10.2013,,yes,624.0
3,01.10.2008,30.09.2013,yes,645.0
3,01.10.2020,,yes,670.0
3,01.10.2020,,yes,671.0
3,01.10.2008,30.09.2016,yes,671.0
3,01.01.2022,,yes,672.0
3,01.05.2020,,yes,673.0
3,01.05.2020,30.04.2021,yes,693.0
3,01.01.2016,,yes,716.0
3,01.02.2017,31.10.2020,yes,822.0
3,01.04.2020,31.03.2022,yes,838.0
3,01.10.2010,,yes,842.0
3,01.01.2023,31.12.2023,yes,914.0
3,01.02.2019,,yes,1069.0
3,01.01.2018,31.12.2018,yes,1093.0
3,01.01.2010,28.02.2011,yes,1153.0
3,01.10.2013,,yes,1172.0
3,01.04.2014,31.08.2018,yes,1174.0
3,01.03.2014,,yes,1175.0
3,01.06.2014,,yes,1176.0
3,01.01.2014,31.03.2015,yes,1196.0
3,01.10.2005,,yes,1197.0
3,01.01.2017,31.03.2020,yes,586.0
3,01.01.2019,,yes,823.0
3,01.03.2016,31.07.2019,yes,1169.0
3,01.01.2025,,yes,1209.0
4,01.10.2024,,yes,294.0
4,01.10.2019,30.09.2023,yes,627.0
4,01.04.2021,,yes,1183.0
4,01.01.2021,31.12.2023,yes,630.0
5,01.10.2018,,yes,129.0
5,01.01.2011,,yes,168.0
5,01.01.2015,31.12.2023,yes,169.0
5,01.01.2025,,yes,170.0
5,01.03.2023,31.03.2025,yes,252.0
5,01.02.2019,,yes,297.0
5,01.09.2016,31.12.2016,yes,335.0
5,01.08.2025,,yes,367.0
5,01.10.2020,31.03.2021,yes,367.0
5,01.01.2023,,yes,451.0
5,01.12.2021,,yes,477.0
5,01.01.2015,,yes,535.0
5,01.06.2024,,yes,568.0
5,01.10.2017,31.10.2022,yes,660.0
5,01.10.2017,,yes,661.0
5,01.01.2024,31.12.2024,yes,827.0
5,01.12.2020,30.11.2021,yes,1062.0
5,01.12.2014,,yes,1118.0
5,01.08.2016,31.01.2018,yes,1123.0
5,01.11.2018,,yes,1181.0
5,01.09.2010,,yes,1184.0
5,01.09.2024,,yes,998.0
5,01.10.2020,30.09.2025,yes,1116.0
5,01.03.2020,,yes,1117.0
5,01.02.2012,,yes,1180.0
5,01.09.2024,,yes,1182.0
5,01.01.2020,31.12.2026,yes,368.0
6,01.01.2022,,yes,298.0
7,01.10.1999,,yes,39.0
7,01.05.2006,,no,40.0
7,01.03.2022,01.03.2023,yes,118.0
7,01.10.2022,,no,129.0
7,01.10.2015,,yes,196.0
7,01.11.2008,31.08.2023,yes,198.0
7,01.09.2018,28.02.2023,yes,252.0
7,01.04.2012,31.03.2017,yes,269.0
7,01.04.2001,31.12.2012,yes,277.0
7,01.09.2023,,yes,305.0
7,01.10.2019,,yes,315.0
7,01.12.2013,30.04.2021,yes,351.0
7,01.08.2023,,yes,372.0
7,01.01.2013,,yes,379.0
7,01.04.2024,,no,404.0
7,01.01.2003,,yes,418.0
7,01.10.2013,30.09.2016,yes,419.0
7,01.02.2024,20.04.2025,yes,432.0
7,01.03.2024,,yes,447.0
7,01.03.2015,30.09.2015,yes,451.0
7,01.04.2017,28.02.2021,yes,549.0
7,01.01.2023,31.12.2023,yes,601.0
7,01.09.2018,31.01.2022,yes,604.0
7,01.01.2021,31.12.2021,yes,605.0
7,01.04.2020,,yes,622.0
7,01.10.2001,30.09.2010,yes,622.0
7,01.10.2016,31.03.2017,yes,633.0
7,01.10.2022,,yes,660.0
7,01.10.2023,31.03.2024,no,765.0
7,01.01.2021,,yes,849.0
7,01.01.2015,31.12.2024,yes,870.0
7,01.04.2021,31.03.2022,yes,902.0
7,01.01.2015,,yes,952.0
7,01.10.2005,30.09.2009,yes,997.0
7,01.10.2005,30.09.2010,yes,1017.0
7,01.08.2008,30.09.2010,yes,1184.0
7,01.10.2013,,yes,380.0
7,01.09.2009,31.07.2010,yes,586.0
7,01.04.2020,,yes,620.0
7,01.12.2010,31.03.2012,yes,620.0
7,01.04.2009,31.03.2013,yes,621.0
7,01.10.2013,30.09.2018,yes,925.0
7,01.10.2013,31.08.2020,yes,1002.0
7,01.05.1992,,yes,1180.0
7,01.10.2014,30.09.2015,yes,1182.0
8,01.10.2010,,yes,77.0
8,01.02.2016,30.09.2017,yes,661.0
9,01.01.2012,,no,33.0
9,01.01.2005,31.08.2013,yes,46.0
9,01.01.2013,30.06.2017,yes,50.0
9,01.04.2019,,yes,74.0
9,01.10.2019,,yes,75.0
9,01.10.2019,,yes,76.0
9,01.03.2016,28.02.2021,no,151.0
9,01.04.2012,29.02.2016,yes,151.0
9,01.10.2000,30.09.2005,yes,183.0
9,01.10.2022,30.04.2024,yes,233.0
9,01.10.2008,31.10.2019,yes,278.0
9,18.09.2023,,yes,360.0
9,01.01.2025,,yes,389.0
9,01.11.2019,30.06.2023,yes,559.0
9,01.09.2013,31.01.2022,yes,571.0
9,01.01.2015,,yes,652.0
9,01.05.2018,,no,779.0
9,01.07.2022,,yes,846.0
9,01.07.2014,,yes,860.0
9,15.02.2014,30.09.2015,yes,863.0
9,01.01.2010,,yes,866.0
9,01.07.2010,31.08.2016,yes,951.0
9,01.10.2010,31.12.2017,no,954.0
9,01.01.2015,31.12.2015,yes,955.0
9,01.10.2013,30.09.2022,yes,1063.0
9,01.10.2021,31.10.2024,yes,1124.0
9,01.02.2014,,yes,898.0
9,01.10.2000,30.09.2021,yes,1110.0
9,01.01.2016,31.12.2017,yes,1111.0
9,01.09.2009,30.09.2011,yes,1117.0
9,01.10.2008,31.12.2012,yes,1138.0
10,01.10.2019,,yes,11.0
10,01.10.2014,30.06.2015,yes,59.0
10,01.06.2012,30.09.2015,yes,67.0
10,01.06.2012,,yes,139.0
10,01.12.2015,,yes,182.0
10,01.01.2018,30.11.2021,yes,253.0
10,15.03.2016,,yes,261.0
10,01.01.2011,,no,263.0
10,01.09.2018,30.04.2022,yes,360.0
10,01.05.2012,,yes,400.0
10,01.07.2020,31.07.2023,yes,402.0
10,01.02.2015,,yes,403.0
10,01.01.2015,,yes,410.0
10,01.08.2016,31.03.2018,yes,767.0
10,01.01.2018,31.12.2019,yes,768.0
10,01.01.2019,,yes,769.0
10,01.10.2018,31.03.2022,yes,770.0
10,01.03.2015,31.05.2018,yes,832.0
10,01.02.2013,31.12.2018,yes,851.0
10,01.01.2015,31.12.2025,yes,854.0
10,01.01.2009,,yes,856.0
10,01.01.2017,,yes,857.0
10,01.06.2019,,yes,858.0
10,01.01.2011,,yes,861.0
10,01.01.2015,31.12.2020,yes,862.0
10,01.01.2020,31.12.2020,yes,868.0
10,01.11.2020,31.12.2023,yes,875.0
10,01.01.2020,31.12.2022,yes,909.0
10,01.08.2021,30.08.2024,yes,979.0
10,01.01.2023,31.12.2023,yes,980.0
10,01.01.2022,,yes,1020.0
10,01.07.2016,31.12.2019,yes,1043.0
10,01.10.2014,,yes,1121.0
10,01.09.2021,,yes,1122.0
10,01.10.2024,,yes,1124.0
10,01.10.2017,,yes,1127.0
10,01.10.2015,,yes,1128.0
10,01.02.2021,,yes,1130.0
10,01.10.2011,,yes,1131.0
10,01.07.2009,,yes,1132.0
10,01.01.2016,,yes,1133.0
10,01.10.2008,,yes,1205.0
10,01.10.2020,,yes,484.0
10,01.05.2021,28.02.2024,yes,852.0
10,01.08.2015,31.05.2021,yes,852.0
10,01.09.2015,30.09.2024,yes,853.0
10,01.08.2017,31.05.2020,yes,872.0
10,01.01.2020,31.12.2020,yes,873.0
10,01.01.2020,31.12.2020,yes,874.0
10,01.02.2021,,yes,1120.0
10,01.07.2011,,yes,1134.0
10,01.01.2017,31.10.2025,yes,1139.0
11,01.01.2017,31.12.2020,yes,126.0
11,01.10.2011,,yes,183.0
11,01.10.2016,30.04.2022,yes,225.0
11,01.04.2024,,yes,295.0
11,01.07.2025,,yes,307.0
11,01.05.2021,31.07.2022,yes,360.0
11,01.01.2020,,yes,473.0
11,01.11.2019,31.03.2023,yes,474.0
11,01.04.2022,30.09.2024,yes,641.0
11,01.04.2012,31.03.2014,yes,822.0
11,01.10.2012,30.09.2013,yes,1063.0
11,01.06.2004,31.05.2004,yes,742.0
11,01.08.2021,,yes,743.0
11,01.01.2023,,yes,915.0
12,01.08.2022,16.09.2023,yes,360.0
12,01.07.2021,,yes,362.0
13,01.02.2013,31.12.2014,yes,24.0
13,01.01.2005,31.12.2005,yes,144.0
13,01.05.2006,31.03.2012,yes,203.0
13,01.07.2014,31.08.2015,yes,316.0
13,01.01.2025,31.12.2025,yes,385.0
13,01.10.2012,31.12.2016,yes,387.0
13,01.03.2006,30.04.2012,yes,400.0
13,01.03.2021,,yes,549.0
13,01.04.2011,31.03.2014,yes,549.0
13,01.10.2009,30.09.2015,yes,699.0
13,01.01.2012,30.09.2015,yes,886.0
13,01.01.2002,31.12.2005,yes,895.0
13,01.01.2016,31.12.2016,yes,904.0
13,01.01.2017,31.12.2020,yes,1020.0
13,01.10.2002,30.09.2009,yes,1057.0
13,01.10.2016,30.09.2023,yes,1084.0
13,01.02.2024,,yes,872.0
13,01.10.2014,31.12.2017,yes,872.0
13,01.01.2022,31.12.2025,yes,1021.0
13,01.03.2011,31.12.2016,yes,1074.0
13,01.09.2010,31.12.2014,yes,1103.0
13,01.09.2014,,yes,1190.0
14,01.01.2017,,yes,219.0
14,01.04.2017,31.08.2019,yes,940.0
14,01.01.2026,,yes,1089.0
15,01.01.2012,31.12.2017,yes,80.0
15,01.05.2012,31.07.2017,yes,164.0
15,01.08.2014,30.06.2018,yes,167.0
15,01.01.2014,31.03.2019,yes,218.0
15,01.06.2013,31.12.2016,yes,219.0
15,01.09.2013,31.05.2016,yes,220.0
15,01.09.2012,31.08.2013,yes,221.0
15,01.10.2012,30.09.2013,yes,222.0
15,01.10.2011,30.09.2016,yes,228.0
15,01.01.2012,31.01.2015,yes,403.0
15,01.10.2020,30.09.2025,yes,506.0
15,01.01.2016,31.12.2020,yes,510.0
15,01.09.2018,17.03.2023,yes,511.0
15,01.09.2024,,yes,570.0
15,01.10.2011,31.12.2015,yes,635.0
15,01.01.2017,31.12.2017,yes,730.0
15,01.10.2018,31.08.2020,yes,790.0
15,01.09.2012,31.07.2016,yes,843.0
15,01.09.2019,31.12.2021,yes,940.0
15,01.10.2017,30.09.2019,yes,1211.0
16,01.01.2009,,yes,41.0
16,01.01.2004,,yes,42.0
16,01.01.2008,31.12.2019,no,42.0
16,01.01.1990,31.12.2018,yes,292.0
16,01.01.2022,31.12.2022,yes,940.0
17,01.10.2010,30.09.2020,yes,90.0
17,22.09.2022,,yes,940.0
18,01.10.2012,30.09.2019,yes,11.0
18,01.04.2009,30.09.2012,yes,21.0
18,01.01.2012,31.03.2019,yes,33.0
18,01.01.2002,,yes,35.0
18,01.01.1977,28.02.2010,yes,37.0
18,01.10.2013,,yes,69.0
18,01.01.2011,31.10.2018,yes,84.0
18,01.11.2006,30.04.2013,yes,87.0
18,01.01.2015,31.03.2017,yes,117.0
18,01.07.2012,30.11.2016,yes,153.0
18,01.06.2012,31.10.2022,yes,233.0
18,01.04.2019,31.01.2024,yes,234.0
18,01.09.2016,30.11.2020,yes,235.0
18,01.04.2020,30.09.2020,yes,242.0
18,01.04.2009,30.11.2010,yes,255.0
18,01.04.2012,31.03.2017,yes,270.0
18,01.05.2008,,yes,274.0
18,01.03.2014,31.10.2019,yes,295.0
18,01.10.2022,,yes,296.0
18,01.01.2011,31.12.2016,yes,341.0
18,01.10.2021,31.12.2023,yes,381.0
18,01.10.2021,,no,391.0
18,01.02.2018,30.09.2019,yes,440.0
18,01.09.2014,31.08.2019,yes,474.0
18,01.04.2021,31.12.2023,yes,475.0
18,01.10.2013,31.08.2019,yes,522.0
18,01.04.2015,30.04.2018,yes,523.0
18,01.01.2005,31.03.2014,yes,574.0
18,07.05.2007,31.01.2018,yes,618.0
18,01.10.2015,31.12.2016,yes,619.0
18,01.10.2015,30.09.2024,yes,699.0
18,01.10.2012,31.12.2015,yes,716.0
18,01.09.2017,31.05.2018,yes,751.0
18,01.03.2019,,yes,760.0
18,01.04.2019,,yes,765.0
18,01.10.2011,31.07.2016,yes,765.0
18,01.10.2006,31.03.2012,yes,775.0
18,01.10.2015,30.06.2019,yes,830.0
18,01.10.2009,31.12.2012,yes,841.0
18,01.10.2016,30.09.2021,yes,846.0
18,01.01.2025,31.12.2025,yes,848.0
18,01.11.2007,,yes,850.0
18,01.10.2006,30.09.2012,yes,899.0
18,01.10.2017,31.08.2020,yes,900.0
18,01.01.2013,31.12.2019,yes,927.0
18,01.10.2025,,yes,944.0
18,01.10.2012,30.09.2016,yes,1080.0
18,01.04.2024,31.10.2024,no,1124.0
18,01.10.2007,30.09.2010,yes,420.0
18,01.10.2016,30.09.2019,yes,616.0
18,01.11.2023,,yes,617.0
18,01.10.2017,31.03.2022,yes,739.0
18,01.08.2017,31.03.2021,yes,743.0
18,01.03.2019,,yes,754.0
18,01.06.2019,30.09.2022,yes,788.0
18,15.07.2011,,yes,847.0
18,01.08.2008,30.11.2010,yes,928.0
18,01.09.2017,31.12.2019,yes,928.0
18,01.03.2025,,yes,1058.0
18,01.06.2012,31.12.2012,yes,1077.0
18,01.10.2006,30.09.2021,yes,1110.0
18,01.07.2015,28.02.2016,yes,1169.0
19,01.04.2018,,yes,180.0
19,01.08.2013,31.01.2015,yes,994.0
20,01.01.2017,31.03.2023,yes,1.0
20,01.10.2015,31.01.2019,yes,27.0
20,01.10.2010,30.09.2011,yes,135.0
20,01.01.2022,31.10.2023,yes,141.0
20,01.05.2015,30.09.2019,yes,146.0
20,01.01.2020,,yes,147.0
20,01.10.2012,30.09.2016,yes,148.0
20,01.10.2011,,yes,149.0
20,01.10.2008,,yes,150.0
20,01.03.2016,,yes,151.0
20,01.01.2013,31.03.2019,yes,177.0
20,01.01.2009,,yes,178.0
20,01.07.2008,31.03.2024,yes,179.0
20,01.01.2009,,yes,199.0
20,01.01.2013,31.03.2018,yes,200.0
20,01.01.2009,,yes,257.0
20,01.01.2018,,yes,258.0
20,01.09.2018,,yes,259.0
20,01.10.2008,30.09.2010,yes,272.0
20,01.10.2005,,yes,283.0
20,01.10.2018,31.03.2023,yes,285.0
20,01.02.2010,30.09.2024,yes,337.0
20,01.04.2018,,yes,488.0
20,01.10.2014,28.02.2025,yes,489.0
20,01.01.2024,31.12.2025,yes,490.0
20,15.01.2022,31.12.2024,yes,503.0
20,01.08.2014,,yes,505.0
20,01.10.2016,,yes,512.0
20,01.09.2023,,yes,544.0
20,01.01.2012,30.09.2018,yes,579.0
20,01.10.2006,,yes,580.0
20,01.10.2012,31.03.2020,yes,622.0
20,01.10.2020,31.03.2024,yes,648.0
20,01.10.2016,,yes,649.0
20,01.05.2021,,yes,693.0
20,01.08.2022,,yes,710.0
20,01.01.2018,,yes,724.0
20,01.01.2011,31.12.2021,yes,734.0
20,01.06.2017,31.05.2020,yes,736.0
20,01.10.2015,30.09.2016,yes,799.0
20,01.09.2019,,yes,816.0
20,01.10.2014,30.09.2018,yes,816.0
20,01.01.2012,31.03.2020,yes,837.0
20,01.10.2015,30.10.2021,yes,885.0
20,01.10.2015,31.12.2018,yes,886.0
20,01.01.2010,31.12.2011,no,1031.0
20,01.10.2018,30.09.2020,yes,1034.0
20,01.10.2012,30.04.2021,yes,1065.0
20,01.10.2013,31.12.2016,yes,1069.0
20,01.01.2019,31.12.2019,yes,1150.0
20,01.01.2019,30.09.2014,yes,1170.0
20,01.10.2010,31.03.2014,yes,1177.0
20,01.01.2019,31.12.2019,yes,1198.0
20,01.04.2016,30.09.2025,yes,491.0
20,01.01.2023,31.12.2025,yes,504.0
20,01.04.2012,31.03.2020,yes,620.0
20,01.03.2007,31.03.2014,yes,882.0
20,01.06.2015,31.05.2021,yes,910.0
20,01.10.2003,,yes,1025.0
20,01.01.2021,31.12.2021,yes,1060.0
20,01.03.2025,,yes,1087.0
20,01.10.2016,31.12.2020,yes,1087.0
20,01.05.2023,,yes,1169.0
21,01.10.2012,31.03.2017,yes,21.0
21,01.03.2016,31.08.2019,yes,62.0
21,01.01.2017,31.12.2017,yes,114.0
21,01.01.2019,,yes,125.0
21,01.10.212,30.09.2013,yes,203.0
21,01.04.2018,,yes,223.0
21,01.09.2015,,yes,321.0
21,01.10.2015,30.04.2017,yes,536.0
21,01.11.2020,30.09.2023,yes,544.0
21,01.02.2018,,yes,546.0
21,01.10.2011,,yes,557.0
21,01.10.2012,30.09.2017,yes,593.0
21,01.10.2013,,yes,697.0
21,01.01.2019,,yes,886.0
21,01.09.2019,,yes,978.0
21,01.10.2007,31.12.2010,yes,685.0
21,01.04.2016,,yes,878.0
21,01.09.2008,28.02.2014,yes,878.0
21,01.10.2019,31.12.2018,yes,1073.0
21,01.06.2016,30.09.2017,yes,1073.0
21,01.10.2011,,yes,1149.0
21,01.05.2018,,yes,1163.0
21,01.10.2014,31.12.2020,yes,1168.0
22,01.04.2023,,yes,1.0
22,01.01.2001,30.09.2020,no,128.0
22,01.01.2011,,yes,143.0
22,03.01.2018,,yes,145.0
22,01.01.2010,30.09.2018,yes,193.0
22,01.10.2017,,yes,194.0
22,01.10.2015,30.09.2018,yes,195.0
22,01.09.2011,,no,365.0
22,01.10.2003,31.08.2007,yes,365.0
22,01.04.2008,30.09.2012,yes,421.0
22,01.06.2014,31.01.2017,yes,551.0
22,01.06.2017,30.09.2018,yes,637.0
22,01.04.2015,31.12.2021,yes,672.0
22,01.10.2010,30.04.2020,yes,673.0
22,01.10.2013,31.08.2025,yes,795.0
22,01.01.2011,,yes,796.0
22,01.04.2024,,yes,838.0
22,01.01.2015,31.03.2020,yes,838.0
22,01.01.2016,31.12.2016,yes,917.0
22,01.07.2017,30.06.2021,yes,953.0
22,01.04.2010,31.07.2013,yes,994.0
22,01.10.2022,,yes,1016.0
22,01.10.2023,,yes,1084.0
22,01.09.2018,,yes,1153.0
22,01.04.2012,30.09.2017,yes,743.0
22,01.02.2011,30.04.2012,yes,963.0
22,01.10.2022,28.02.2025,yes,1058.0
22,01.04.2001,31.03.2006,yes,1149.0
22,01.10.2010,30.09.2011,yes,1151.0
23,01.09.2014,31.03.2018,yes,906.0
23,01.09.2014,,yes,907.0
23,01.05.2013,,yes,908.0
24,01.03.2014,30.09.2014,yes,492.0
24,01.04.2014,30.09.2014,yes,549.0
24,01.09.2021,,yes,701.0
24,01.09.2018,,yes,923.0
24,01.10.2015,31.03.2016,yes,967.0
24,01.10.2025,,yes,989.0
24,01.10.2022,30.09.2025,yes,1062.0
25,01.10.2003,31.12.2017,yes,10.0
25,01.05.2012,31.05.2024,yes,12.0
25,01.09.2005,,yes,15.0
25,01.05.2006,,yes,16.0
25,01.05.2007,31.03.2012,yes,17.0
25,01.10.2005,31.12.2013,yes,18.0
25,01.06.2013,31.01.2022,yes,20.0
25,01.10.2005,,yes,22.0
25,01.08.2008,30.11.2012,yes,23.0
25,01.09.2009,,yes,25.0
25,01.09.2013,,yes,46.0
25,01.07.2022,,yes,47.0
25,01.12.2017,31.12.2019,yes,47.0
25,01.05.2014,,yes,48.0
25,01.01.1999,,yes,49.0
25,01.07.2017,,yes,50.0
25,01.03.2009,31.03.2019,yes,51.0
25,01.03.2016,,yes,53.0
25,01.01.2009,31.12.2009,yes,77.0
25,01.10.2023,,yes,90.0
25,01.06.2024,,yes,103.0
25,01.10.2019,,no,104.0
25,01.09.2023,,yes,106.0
25,01.11.2017,30.09.2018,yes,189.0
25,01.10.2016,30.09.2022,yes,228.0
25,01.01.2010,31.03.2018,yes,231.0
25,01.01.2024,,yes,234.0
25,01.02.2023,,yes,236.0
25,01.10.2009,30.09.2011,yes,237.0
25,01.11.2018,30.04.2020,no,314.0
25,01.10.2011,,yes,315.0
25,01.07.2005,30.04.2012,yes,343.0
25,01.01.2018,,yes,344.0
25,01.01.1991,,yes,376.0
25,01.02.2014,31.03.2022,yes,377.0
25,01.04.2006,,yes,404.0
25,01.10.2011,30.03.2024,yes,462.0
25,01.09.2019,,yes,465.0
25,01.01.2020,,yes,482.0
25,01.10.2012,31.08.2015,yes,542.0
25,01.01.2011,,yes,543.0
25,01.07.2010,30.09.2013,yes,571.0
25,01.01.2021,30.06.2021,yes,603.0
25,01.10.2013,31.03.2017,yes,731.0
25,01.10.2013,30.09.2016,yes,732.0
25,01.10.2020,31.12.2022,no,733.0
25,01.03.2007,,yes,741.0
25,01.01.2001,30.09.2024,yes,746.0
25,01.10.2009,,yes,747.0
25,01.07.2016,30.09.2020,yes,757.0
25,01.10.2006,31.03.2007,no,817.0
25,01.01.2011,30.09.2014,yes,858.0
25,01.09.2015,,yes,859.0
25,01.01.2012,31.12.2015,yes,950.0
25,01.01.2021,31.12.2021,yes,1064.0
25,01.07.2008,31.07.2016,yes,1123.0
25,01.03.2019,,yes,1125.0
25,01.07.2012,,yes,662.0
25,01.05.2017,,yes,878.0
25,01.08.2009,,yes,942.0
25,01.07.2023,,yes,1091.0
25,01.04.2012,31.12.2020,yes,1109.0
25,01.10.2025,,yes,1116.0
25,01.01.2007,,yes,1137.0
25,01.02.2024,,yes,1152.0
25,01.10.2013,,yes,1158.0
25,01.10.2013,31.12.2022,yes,1168.0
26,01.10.2018,,yes,193.0
26,01.10.2018,,yes,195.0
26,01.10.2015,30.09.2018,yes,197.0
26,01.09.2017,31.08.2018,yes,364.0
26,01.07.2009,31.07.2014,yes,852.0
26,01.10.2021,,yes,1110.0
27,01.04.2010,31.03.2016,yes,194.0
27,01.10.2013,31.03.2017,yes,516.0
27,01.10.2009,31.03.2016,yes,607.0
27,01.01.2022,30.09.2023,yes,626.0
27,01.10.2011,30.09.2016,yes,770.0
27,01.10.2014,31.12.2017,yes,772.0
27,01.03.2016,30.09.2017,yes,933.0
27,01.10.2012,31.12.2018,yes,1016.0
27,01.04.2017,,yes,1061.0
27,01.10.2001,30.09.2005,yes,694.0
27,01.10.2005,31.07.2009,yes,942.0
27,01.10.2010,30.06.2015,yes,977.0
27,01.10.2005,30.08.2008,yes,977.0
28,01.10.2019,31.12.2024,yes,197.0
28,01.10.2022,,yes,598.0
28,01.12.2011,,yes,1065.0
29,01.01.2010,,yes,38.0
29,01.03.2025,,yes,252.0
29,01.04.2022,,yes,267.0
29,01.05.2021,,yes,351.0
29,01.01.2012,31.08.2016,yes,372.0
29,01.10.2010,31.12.2017,yes,431.0
29,01.10.2012,31.12.2023,yes,432.0
29,01.10.2009,30.09.2018,yes,433.0
29,01.10.2009,30.09.2016,yes,546.0
29,01.03.2017,,yes,728.0
29,01.03.2022,,yes,777.0
29,01.01.2016,31.12.2022,no,855.0
29,01.10.2015,31.10.2017,yes,889.0
29,01.04.2015,31.12.2022,yes,993.0
29,01.02.2015,,yes,994.0
29,01.10.2009,31.03.2021,yes,997.0
29,01.10.2010,30.09.2012,yes,1017.0
29,01.02.2020,31.12.2022,yes,1123.0
29,01.10.2008,30.04.2016,yes,491.0
29,01.08.2011,14.10.2013,yes,552.0
29,01.04.2007,31.10.2011,yes,640.0
29,01.04.2016,31.08.2024,yes,998.0
29,01.09.2020,,yes,1002.0
29,01.03.2022,,yes,350.0
30,01.01.2011,,yes,3.0
30,01.10.2013,,yes,72.0
30,01.10.2022,,yes,75.0
30,01.01.2011,31.01.2017,yes,120.0
30,01.01.2012,,yes,121.0
30,01.01.2011,,yes,122.0
30,01.09.2014,,yes,152.0
30,01.07.2020,,yes,153.0
30,01.02.2020,,yes,207.0
30,01.10.2010,31.12.2017,yes,238.0
30,01.10.2020,31.03.2021,yes,242.0
30,01.09.2021,,yes,262.0
30,01.10.2010,30.09.2014,yes,272.0
30,01.10.1995,30.09.2006,yes,309.0
30,01.10.2010,31.08.2011,yes,311.0
30,01.02.2025,,yes,317.0
30,01.04.2024,,yes,318.0
30,01.04.2008,31.01.2011,yes,338.0
30,01.01.2002,30.06.2014,yes,340.0
30,01.10.2012,28.02.2017,yes,421.0
30,01.01.2015,30.09.2020,yes,465.0
30,01.08.2014,01.10.2016,yes,478.0
30,01.04.2015,31.03.2024,yes,500.0
30,01.04.2016,,yes,501.0
30,01.04.2015,31.12.2021,yes,548.0
30,01.10.2018,31.08.2024,yes,570.0
30,01.01.2017,30.09.2023,yes,619.0
30,01.10.2008,31.12.2013,yes,650.0
30,15.10.2019,31.12.2024,yes,652.0
30,01.05.2018,,yes,779.0
30,01.10.2021,30.06.2022,yes,846.0
30,01.10.2015,31.07.2018,yes,879.0
30,01.11.2010,31.10.2013,yes,923.0
30,01.10.2010,31.12.2017,yes,954.0
30,01.01.2016,31.12.2019,yes,966.0
30,01.10.2020,,yes,974.0
30,01.11.2017,30.08.2021,yes,979.0
30,01.01.2024,31.12.2024,yes,1078.0
30,01.11.2010,,yes,1079.0
30,01.09.2018,,yes,1174.0
30,01.01.2023,30.09.2025,yes,584.0
30,01.04.2013,,yes,621.0
30,01.10.2010,30.09.2014,yes,659.0
30,01.11.2010,31.12.2014,yes,928.0
30,01.10.2003,30.09.2007,yes,963.0
30,01.01.2013,31.01.2022,yes,1077.0
30,01.05.2018,30.06.2023,yes,1091.0
30,01.05.2015,31.03.2019,yes,1212.0
31,01.01.2009,,yes,36.0
31,01.04.2003,31.03.2007,yes,38.0
31,01.10.2011,31.12.2025,yes,135.0
31,01.10.2015,,yes,272.0
31,01.12.2023,,yes,302.0
31,15.10.2015,,yes,317.0
31,01.01.2013,31.03.2024,yes,318.0
31,01.01.2015,31.12.2017,yes,405.0
31,01.10.2012,30.09.2014,yes,406.0
31,01.01.2007,30.09.2010,yes,407.0
31,01.10.2000,30.09.2009,yes,433.0
31,01.11.2012,30.04.2022,yes,545.0
31,01.01.2004,,yes,565.0
31,01.01.2017,31.12.2017,yes,581.0
31,01.01.2013,30.09.2020,yes,582.0
31,01.01.2022,31.12.2022,yes,646.0
31,01.10.2016,30.09.2022,yes,655.0
31,01.01.2009,31.12.2019,yes,656.0
31,01.10.2017,,yes,675.0
31,01.10.2017,30.09.2019,yes,918.0
31,01.11.2015,,yes,922.0
31,01.10.2005,30.09.2008,yes,1008.0
31,01.10.2019,30.09.2022,yes,1016.0
31,01.10.2012,30.09.2020,yes,1017.0
31,01.10.2008,,yes,1018.0
31,01.10.2007,31.12.2019,yes,1033.0
31,01.10.2021,,yes,1207.0
31,01.10.2012,31.12.2017,yes,408.0
31,01.10.2015,31.08.2020,yes,430.0
31,01.10.2003,,yes,566.0
31,01.10.1999,,yes,657.0
31,01.10.2014,28.02.2018,yes,659.0
31,01.06.2012,31.12.2019,yes,682.0
31,01.01.2018,31.12.2021,yes,1099.0
32,01.01.2011,31.12.2019,no,3.0
32,01.01.2007,31.08.2024,yes,9.0
32,01.10.2007,30.09.2019,yes,11.0
32,01.01.2010,01.01.2022,yes,14.0
32,01.10.2007,31.12.2023,yes,19.0
32,01.09.2008,30.09.2012,no,21.0
32,01.11.2012,31.07.2015,yes,23.0
32,01.07.2014,,yes,24.0
32,01.06.2017,30.09.2020,yes,57.0
32,01.07.2015,30.04.2022,yes,59.0
32,01.04.2017,31.03.2021,yes,117.0
32,01.10.2010,30.09.2015,yes,144.0
32,01.04.2011,30.09.2012,yes,207.0
32,01.01.2011,31.01.2021,yes,208.0
32,01.03.2014,28.02.2018,yes,241.0
32,01.10.2015,31.12.2019,yes,242.0
32,01.04.2010,30.04.2023,yes,273.0
32,01.10.2007,30.04.2008,yes,274.0
32,01.05.2008,,yes,274.0
32,01.04.2009,30.06.2014,yes,316.0
32,01.07.2019,31.12.2024,yes,389.0
32,01.05.2008,31.10.2018,yes,390.0
32,01.04.2009,,yes,391.0
32,01.04.2007,31.03.2014,yes,415.0
32,01.03.2021,,yes,426.0
32,01.10.2021,31.03.2024,yes,429.0
32,01.11.2017,,yes,471.0
32,01.10.2008,31.08.2021,yes,472.0
32,01.02.2026,,yes,506.0
32,01.05.2024,,yes,507.0
32,01.01.2011,,yes,592.0
32,01.09.2011,30.09.2012,yes,593.0
32,01.01.2016,,yes,635.0
32,01.09.2020,31.12.2023,yes,790.0
32,01.10.2008,31.03.2009,yes,817.0
32,01.07.2019,,yes,830.0
32,01.10.2012,,yes,947.0
32,01.09.2016,,yes,951.0
32,01.10.2016,31.12.2020,yes,961.0
32,01.03.2013,30.04.2020,yes,962.0
32,01.10.2014,,yes,964.0
32,01.01.2019,,no,1022.0
32,01.01.2020,31.10.2020,yes,484.0
32,01.02.2019,31.07.2022,yes,594.0
32,01.10.2018,28.02.2020,yes,780.0
32,01.04.2014,30.09.2014,yes,882.0
32,01.05.2012,,yes,963.0
32,01.06.2010,31.01.2012,yes,1107.0
32,01.10.2003,30.09.2007,yes,1107.0
33,01.01.2007,,yes,2.0
34,31.12.2021,,yes,14.0
34,01.04.2017,,yes,21.0
34,01.04.2007,31.12.2009,yes,38.0
34,01.10.2001,31.03.2009,yes,131.0
34,01.10.2006,30.06.2009,yes,149.0
34,01.10.2011,31.03.2017,yes,332.0
34,01.10.2017,31.01.2018,yes,593.0
34,01.10.2015,31.12.2017,yes,828.0
34,01.03.2020,,yes,887.0
34,01.04.2008,31.03.2014,yes,919.0
34,01.10.2020,30.09.2024,yes,1017.0
34,01.03.2011,31.08.2018,yes,1153.0
34,01.04.2012,31.08.2017,yes,609.0
34,01.01.2021,30.09.2023,yes,888.0
35,01.10.2019,,yes,11.0
35,01.08.2017,31.01.2018,yes,62.0
35,01.07.2009,31.07.2018,yes,82.0
35,01.10.2017,30.09.2020,yes,155.0
35,01.01.2011,,yes,263.0
35,01.10.2012,,yes,313.0
35,01.08.2019,,yes,386.0
35,01.01.1991,,yes,445.0
35,01.10.2007,30.09.2009,yes,454.0
35,01.08.2011,28.02.2014,yes,492.0
35,01.10.2009,,yes,550.0
35,01.04.2009,,yes,676.0
35,01.10.2023,,yes,714.0
35,01.04.2017,31.03.2017,yes,718.0
35,01.10.2017,,yes,750.0
35,01.10.2005,30.04.2011,yes,825.0
35,01.10.2014,31.05.2019,yes,858.0
35,01.10.2023,,no,861.0
35,01.01.2015,,yes,865.0
35,01.10.2012,30.09.2019,yes,883.0
35,01.01.1982,31.12.2006,yes,895.0
35,01.08.2012,30.09.2022,yes,949.0
35,01.04.2014,30.06.2017,yes,953.0
35,01.10.2010,30.09.2014,yes,1121.0
35,08.01.2014,31.07.2016,no,1123.0
35,01.01.2014,31.12.2018,yes,1124.0
35,01.07.2009,31.12.2015,no,1132.0
35,01.01.2018,,yes,1136.0
35,01.10.2003,30.04.2009,yes,613.0
35,01.10.1997,30.09.2002,yes,756.0
35,01.06.2020,31.01.2024,yes,872.0
35,01.09.2009,31.10.2015,yes,872.0
35,01.08.2013,31.12.2016,yes,1074.0
35,01.09.2009,31.07.2014,yes,1103.0
36,01.03.2016,31.05.2018,yes,29.0
36,01.01.2018,31.12.2018,yes,31.0
37,01.01.2018,31.12.2018,yes,30.0
38,01.05.2015,31.05.2024,yes,43.0
40,01.01.2018,31.08.2018,yes,101.0
40,01.04.2009,31.03.2017,yes,102.0
40,01.10.2006,31.03.2010,yes,274.0
40,01.10.2015,30.09.2017,yes,308.0
40,01.01.2018,,yes,798.0
40,01.10.2008,,yes,884.0
40,01.09.2015,,yes,1108.0
40,01.11.2012,,yes,1107.0
41,01.01.2016,31.03.2023,yes,63.0
41,01.09.2016,31.12.2017,yes,101.0
41,01.04.2017,,yes,102.0
41,01.04.2005,30.04.2008,yes,274.0
41,01.02.2012,30.09.2023,yes,307.0
41,01.10.2011,,yes,308.0
41,01.10.2010,,yes,309.0
41,01.10.2019,,yes,312.0
41,01.04.2021,30.09.2021,yes,381.0
41,01.05.2009,30.09.2010,yes,501.0
41,01.05.2014,30.11.2020,yes,544.0
41,01.05.2013,31.03.2017,yes,556.0
41,01.04.2014,,yes,574.0
41,01.01.2025,,yes,638.0
41,01.01.2022,,yes,803.0
41,01.04.2019,,yes,804.0
41,01.10.2012,30.09.2016,yes,899.0
41,01.03.2013,,yes,639.0
41,01.04.2015,,yes,640.0
41,01.10.2011,30.09.2014,yes,723.0
41,01.04.2014,,yes,806.0
41,01.04.2005,14.07.2011,yes,847.0
41,01.09.2011,30.08.2015,yes,853.0
41,01.10.2007,30.09.2010,yes,1151.0
42,01.12.2018,31.12.2021,yes,101.0
42,01.11.2021,,yes,1212.0
353,01.10.2007,,yes,778.0
44,01.01.2007,,yes,107.0
44,01.04.2014,31.12.2020,yes,108.0
44,01.01.2002,,yes,109.0
44,01.01.2020,,yes,110.0
44,01.04.2013,31.03.2019,yes,524.0
44,01.10.2015,,yes,612.0
44,01.08.2016,,yes,678.0
44,01.04.2010,31.07.2012,yes,678.0
44,01.10.2009,31.08.2010,yes,697.0
44,01.11.2022,,,733.0
44,01.05.2012,28.02.2018,yes,733.0
44,01.11.2023,,yes,1147.0
44,01.11.2016,,yes,679.0
44,01.10.2007,30.09.2009,yes,973.0
44,01.10.2021,,yes,1146.0
45,01.01.2019,,yes,109.0
45,01.10.2016,,yes,190.0
45,01.11.2020,,yes,323.0
45,01.09.2019,,yes,522.0
45,01.06.2018,,yes,767.0
45,01.01.2014,,yes,1155.0
45,01.10.2014,31.01.2024,yes,1152.0
46,01.01.2018,,yes,107.0
46,01.01.2012,,yes,353.0
46,01.10.2018,,yes,354.0
46,01.03.2018,31.12.2023,yes,677.0
46,01.10.2017,28.02.2023,yes,1001.0
46,01.10.2002,,yes,1148.0
46,01.09.2011,30.09.2012,yes,743.0
46,01.01.2025,,yes,1145.0
47,01.01.2021,,yes,108.0
47,01.10.2009,31.03.2014,yes,280.0
47,01.10.2017,,yes,632.0
47,01.10.2004,,yes,634.0
47,01.10.2009,30.09.2016,yes,1165.0
47,01.10.2009,30.09.2011,yes,694.0
48,01.02.2017,,yes,120.0
48,01.01.2019,31.12.2019,yes,416.0
48,01.10.2009,30.09.2016,yes,1199.0
48,01.04.2016,,yes,948.0
48,01.10.2000,31.12.2006,yes,948.0
48,01.10.2007,30.09.2009,no,973.0
48,01.08.2008,30.09.2013,yes,1002.0
48,01.10.2017,30.09.2021,yes,1138.0
48,01.10.2017,,yes,1141.0
50,01.10.2019,,yes,146.0
50,01.09.2020,31.12.2023,yes,148.0
50,01.04.2021,,yes,154.0
50,01.08.2021,,yes,155.0
50,01.10.2020,,yes,156.0
50,01.10.2004,,yes,161.0
50,01.01.2010,,yes,162.0
50,01.04.2021,31.07.2025,yes,367.0
50,01.04.2014,30.09.2018,yes,415.0
50,02.03.2022,,yes,472.0
50,01.01.2015,,yes,525.0
50,01.10.2022,,yes,611.0
50,01.04.2022,,yes,614.0
50,01.07.2021,,yes,748.0
50,01.04.2019,31.03.2020,yes,996.0
50,01.01.2007,31.03.2017,yes,996.0
50,01.06.2019,,yes,1072.0
50,01.10.2009,,yes,526.0
50,01.12.2019,31.12.2025,yes,1089.0
50,01.01.2016,31.12.2022,yes,1104.0
50,01.10.2023,,yes,1144.0
51,01.04.2019,,yes,177.0
52,01.10.2009,14.12.2014,yes,191.0
52,01.10.2020,31.12.2021,yes,712.0
52,01.10.2001,,yes,713.0
52,01.10.2010,30.09.2023,yes,714.0
53,01.09.2010,31.05.2013,yes,67.0
53,17.11.2014,31.12.2017,yes,191.0
53,01.01.2020,31.12.2022,yes,192.0
53,01.04.2018,,yes,223.0
53,01.10.2010,,yes,239.0
53,01.01.2015,31.12.2022,yes,240.0
53,01.10.2012,30.09.2018,yes,248.0
53,01.01.2019,31.12.2019,yes,250.0
53,01.01.2019,31.12.2019,yes,251.0
53,01.04.2017,31.03.2018,yes,253.0
53,01.11.2013,30.09.2018,yes,254.0
53,01.12.2010,31.12.2023,yes,255.0
53,01.10.2014,30.06.2023,yes,256.0
53,01.11.2019,,yes,278.0
53,01.01.2016,,yes,319.0
53,01.01.2016,,yes,320.0
53,01.02.2017,30.06.2023,yes,335.0
53,01.06.2018,,yes,459.0
53,01.09.2013,31.03.2024,yes,479.0
53,01.09.2015,,yes,542.0
53,01.05.2020,31.07.2024,yes,674.0
53,01.01.2022,,yes,698.0
53,01.01.2022,30.09.2022,yes,712.0
53,01.04.2017,,yes,731.0
53,01.11.2020,,yes,822.0
53,01.03.2017,,yes,877.0
53,01.12.2003,,yes,929.0
53,01.12.2022,31.03.2024,yes,617.0
53,01.02.2017,31.05.2025,yes,1073.0
53,01.07.2016,31.12.2016,yes,1073.0
53,01.10.2000,,yes,1135.0
54,01.12.2015,31.03.2018,yes,116.0
54,01.01.2018,30.09.2019,yes,191.0
54,01.10.2011,30.09.2015,yes,349.0
54,01.09.2016,,yes,485.0
54,01.01.2013,31.03.2018,yes,507.0
54,01.04.2020,30.11.2025,yes,521.0
54,01.04.2018,31.08.2018,yes,531.0
54,01.01.2010,31.03.2012,yes,561.0
54,01.10.2020,,yes,691.0
54,01.01.2020,,yes,695.0
54,01.10.2010,30.09.2017,yes,811.0
54,01.05.2022,31.08.2023,yes,831.0
54,01.10.2015,31.12.2025,yes,863.0
54,01.01.2017,31.12.2023,yes,864.0
54,01.01.2018,,yes,954.0
54,01.10.2010,31.05.2014,yes,981.0
54,01.01.2009,,yes,985.0
54,01.01.2014,30.06.2015,yes,1108.0
54,01.01.2020,,yes,1165.0
54,01.10.2000,,yes,486.0
54,01.10.2014,31.03.2016,yes,493.0
54,01.10.2015,30.09.2018,yes,780.0
54,01.04.2012,31.03.2014,yes,806.0
54,01.01.2013,30.09.2017,yes,1138.0
54,01.10.2001,30.09.2009,yes,350.0
55,01.03.2017,31.12.2017,yes,191.0
56,01.10.2019,,yes,191.0
56,01.05.2017,30.09.2022,yes,266.0
56,01.10.2019,,yes,339.0
56,01.10.2006,30.09.2013,yes,339.0
56,01.10.2007,30.09.2019,yes,627.0
56,01.01.2019,31.03.2022,yes,631.0
56,01.10.1995,,yes,737.0
56,01.10.2010,,yes,972.0
56,01.08.2020,,yes,370.0
56,01.04.2014,31.07.2017,yes,370.0
56,01.01.2009,31.12.2016,yes,735.0
56,01.10.1996,30.09.1997,yes,847.0
57,01.03.2010,28.02.2022,yes,37.0
57,01.01.2026,,yes,135.0
57,01.01.2000,31.12.2021,yes,212.0
57,1.012.014,31.12.2016,yes,213.0
57,01.01.2010,31.12.2023,yes,214.0
57,01.01.2016,31.12.2019,yes,217.0
57,01.02.2019,31.05.2024,yes,260.0
57,01.05.2023,,yes,273.0
57,01.05.2007,,yes,411.0
57,01.04.2024,,yes,479.0
57,01.03.2018,30.06.2021,yes,658.0
57,01.01.2022,,yes,669.0
57,01.01.2017,30.04.2020,yes,718.0
57,01.10.2014,30.09.2019,yes,755.0
57,01.01.2026,,yes,755.0
57,01.04.2009,31.03.2012,yes,822.0
57,01.10.2016,31.03.2020,yes,876.0
57,01.10.2010,31.03.2012,yes,876.0
57,01.01.2021,31.12.2024,yes,931.0
57,01.03.2021,,yes,932.0
57,01.10.2017,,yes,933.0
57,01.04.2016,,yes,967.0
57,01.04.2009,31.07.2015,yes,967.0
57,01.10.2021,,yes,1200.0
57,01.10.2008,,yes,1201.0
57,01.09.2020,,yes,430.0
57,01.04.2004,30.09.2005,yes,639.0
57,01.03.2018,,yes,659.0
58,01.07.2009,30.09.2011,yes,149.0
58,01.10.2012,31.07.2017,yes,225.0
58,01.10.2010,31.01.2015,yes,226.0
58,01.01.2012,,yes,288.0
58,01.01.2013,31.07.2015,yes,289.0
58,01.10.2020,,yes,345.0
58,01.01.2007,,yes,346.0
58,01.01.2014,31.12.2018,yes,477.0
58,01.10.2012,,yes,497.0
58,01.09.2015,31.08.2018,yes,531.0
58,01.09.2024,,yes,641.0
58,01.01.2022,,yes,784.0
58,01.01.2006,,yes,1032.0
58,01.01.2019,31.12.2019,yes,1140.0
58,01.08.2009,30.06.2011,yes,1134.0
59,01.03.2020,,yes,133.0
59,01.02.2015,31.03.2016,no,215.0
59,01.01.2005,,yes,224.0
59,01.02.2015,31.03.2015,yes,226.0
59,01.11.2020,,yes,347.0
59,01.01.2016,30.04.2023,yes,369.0
59,01.04.2016,,yes,371.0
59,01.09.2016,31.03.2020,yes,372.0
59,01.10.2016,30.09.2018,yes,374.0
59,01.08.2022,,yes,448.0
59,01.01.2014,31.12.2019,yes,449.0
59,01.10.2016,31.08.2022,yes,606.0
59,01.04.2016,31.10.2016,yes,607.0
59,01.10.2023,,yes,627.0
59,01.04.2019,,yes,702.0
59,01.04.2020,31.03.2025,yes,837.0
59,01.07.2024,,yes,841.0
59,01.09.2012,,yes,945.0
59,01.01.2014,31.12.2022,yes,989.0
59,01.04.2010,30.09.2023,yes,1160.0
59,01.05.2018,30.04.2020,yes,370.0
59,01.10.2005,30.09.2012,yes,639.0
59,01.10.2019,31.12.2023,yes,679.0
59,01.01.2026,,yes,703.0
59,01.01.2007,30.09.2008,yes,948.0
59,01.01.2016,31.12.2017,yes,965.0
59,01.11.2020,28.02.2015,yes,1087.0
59,01.10.2022,,yes,1090.0
59,01.01.2019,31.12.2019,yes,1159.0
59,01.01.2018,,yes,1161.0
59,01.09.2021,31.05.2023,yes,1169.0
60,01.05.2021,,yes,165.0
60,01.04.2022,,yes,225.0
60,01.03.2023,31.10.2023,yes,440.0
61,01.09.2019,,yes,62.0
61,01.11.2002,30.09.2008,yes,70.0
61,01.01.2011,,yes,132.0
61,01.06.2024,,yes,260.0
61,01.10.2014,,no,272.0
61,01.01.2013,31.03.2024,yes,318.0
61,01.04.2012,31.03.2018,yes,488.0
61,01.01.2005,30.09.2013,yes,536.0
61,01.10.2012,30.09.2020,no,1017.0
61,01.01.2020,,yes,1033.0
61,01.10.2017,31.12.2020,yes,1060.0
62,01.01.2005,,yes,229.0
62,01.06.2013,31.05.2018,yes,265.0
62,01.06.2018,,no,265.0
63,01.04.2018,,yes,231.0
63,01.01.2025,,yes,1168.0
64,01.01.2010,,yes,230.0
64,01.10.2018,31.03.2019,yes,415.0
64,01.01.1985,31.12.2007,yes,971.0
65,01.01.2018,,yes,232.0
66,01.03.2018,30.06.2022,yes,241.0
67,01.11.2023,,yes,220.0
67,01.04.2024,,yes,242.0
68,01.10.2018,,yes,248.0
69,01.10.2011,31.03.2014,yes,52.0
69,01.11.2019,31.03.2021,yes,249.0
70,01.01.2020,,yes,250.0
71,01.10.2022,31.03.2023,yes,253.0
71,01.08.2018,,yes,687.0
71,01.10.2016,,yes,688.0
71,01.10.2004,,yes,1086.0
71,01.01.2020,31.03.2021,yes,1085.0
72,01.05.2023,,yes,253.0
73,01.10.2020,31.07.2021,yes,155.0
73,01.10.2010,30.09.2017,yes,155.0
73,01.10.2014,30.09.2020,yes,156.0
73,01.10.2018,,yes,254.0
73,01.10.2013,30.09.2019,yes,339.0
73,01.01.2024,31.12.2025,yes,790.0
73,01.04.2003,30.04.2020,yes,817.0
73,01.10.2021,31.12.2022,yes,983.0
73,01.10.2012,31.12.2025,yes,1202.0
73,01.10.2019,31.12.2020,yes,484.0
73,01.10.2014,30.09.2018,yes,818.0
74,01.04.2021,,yes,832.0
74,01.10.2008,,yes,1018.0
74,01.10.2022,,yes,1080.0
74,01.10.2013,30.09.2017,yes,703.0
75,01.01.2018,31.12.2022,yes,112.0
75,01.06.2018,,yes,265.0
75,01.03.2019,31.10.2020,yes,995.0
76,01.09.2016,31.05.2018,yes,265.0
77,01.01.2014,,yes,211.0
77,01.01.2026,,yes,790.0
78,01.06.2016,31.08.2023,yes,60.0
78,01.04.2024,,yes,201.0
78,01.10.2022,,yes,1063.0
78,01.01.2023,,yes,1064.0
78,01.10.2021,,yes,1126.0
78,01.10.2018,,yes,818.0
78,01.10.2021,,yes,1110.0
79,01.01.2023,,yes,257.0
79,01.10.2019,,no,1119.0
79,01.10.2025,,yes,925.0
80,01.08.2010,31.07.2013,yes,1056.0
81,01.04.2007,30.04.2013,yes,276.0
81,01.04.2019,,yes,435.0
81,01.06.2010,30.09.2014,yes,551.0
81,01.10.2024,,yes,812.0
81,01.01.2012,,no,1044.0
82,01.08.2016,,yes,289.0
83,01.04.2025,,yes,210.0
83,01.08.2015,31.07.2016,yes,289.0
83,01.01.2023,31.12.2023,yes,959.0
84,01.01.2013,,yes,290.0
84,01.09.2005,31.12.2018,yes,293.0
84,01.10.2013,28.02.2016,yes,1117.0
85,01.03.2018,01.02.2021,yes,164.0
85,01.06.2024,,yes,510.0
86,01.03.2021,,yes,164.0
87,01.09.2018,,yes,531.0
88,01.09.2019,,yes,26.0
88,01.10.2019,,yes,27.0
88,01.10.2009,,yes,28.0
88,01.03.2020,31.01.2022,yes,85.0
88,01.01.2015,01.07.2019,yes,85.0
88,01.11.2008,,yes,86.0
88,01.05.2019,30.06.2020,yes,153.0
88,01.03.2010,31.03.2016,yes,215.0
88,01.01.2005,,no,224.0
88,01.09.2020,,yes,244.0
88,01.10.2007,31.12.2012,yes,305.0
88,01.10.2019,31.03.2023,yes,373.0
88,01.04.2013,28.02.2024,yes,447.0
88,01.09.2007,31.07.2022,yes,448.0
88,01.01.2013,31.12.2013,yes,449.0
88,01.01.1986,31.12.2017,yes,532.0
88,01.10.2007,31.10.2012,yes,545.0
88,01.07.2023,,yes,702.0
88,01.01.2001,31.12.2020,yes,833.0
88,01.10.2016,30.09.2018,yes,834.0
88,01.04.2020,30.09.2020,yes,834.0
88,01.02.2012,,yes,835.0
88,01.04.2009,,yes,836.0
88,01.04.2022,31.03.2024,yes,838.0
88,01.11.2018,,yes,839.0
88,01.08.2014,,yes,840.0
88,01.04.2012,30.09.2016,yes,876.0
88,01.11.2019,,yes,891.0
88,01.05.2010,31.01.2019,yes,594.0
88,01.10.2011,31.03.2015,yes,640.0
88,01.10.2017,31.12.2025,yes,703.0
88,15.08.2020,31.03.2022,yes,892.0
88,01.01.2020,31.10.2020,yes,1159.0
88,01.02.2015,31.12.2017,yes,1161.0
89,01.02.2016,30.04.2022,yes,61.0
89,01.10.2020,,yes,446.0
89,01.01.2018,30.09.2021,yes,527.0
89,01.10.2012,,yes,528.0
89,01.02.2018,,yes,618.0
89,01.05.2020,,yes,715.0
89,01.10.2018,,yes,1024.0
89,01.01.2015,,yes,1081.0
89,01.01.2019,31.12.2019,yes,1204.0
89,15.10.2013,31.07.2021,yes,552.0
89,01.08.2017,28.02.2021,yes,617.0
89,01.10.2012,,yes,1025.0
89,01.10.2000,30.09.2003,yes,1025.0
89,01.01.2015,31.12.2016,yes,1113.0
90,01.01.2017,31.03.2024,yes,134.0
90,01.02.2011,30.09.2014,yes,134.0
90,01.05.2014,31.12.2021,yes,141.0
90,01.10.2015,,yes,144.0
90,01.11.2011,31.08.2014,yes,152.0
90,01.04.2024,,yes,500.0
90,01.07.2017,,yes,501.0
90,01.10.2011,30.09.2016,yes,533.0
90,01.12.2010,,yes,623.0
90,01.06.2012,,yes,663.0
90,01.10.2023,,yes,667.0
90,01.10.2010,31.03.2023,yes,667.0
90,01.11.2009,,yes,681.0
90,01.01.2013,30.06.2024,yes,841.0
90,01.08.2005,31.03.2009,yes,922.0
90,01.10.2012,30.09.2014,yes,964.0
90,01.01.2013,31.12.2017,yes,1157.0
90,01.01.2015,30.04.2017,yes,1178.0
90,01.10.2010,,yes,420.0
90,01.05.2011,31.03.2014,yes,513.0
90,01.04.2006,31.03.2010,yes,513.0
90,01.08.2016,,yes,625.0
90,01.01.2005,31.03.2011,yes,740.0
90,01.09.2024,,yes,928.0
91,01.08.2021,,yes,4.0
92,01.06.2020,31.10.2020,yes,116.0
92,01.10.1993,30.09.2010,yes,238.0
92,01.10.2016,30.09.2023,yes,268.0
92,01.11.2019,,yes,417.0
92,01.01.2026,,yes,863.0
92,01.03.2026,,yes,962.0
92,01.08.2017,,yes,1038.0
92,01.04.2010,31.05.2012,yes,608.0
93,01.10.1997,30.09.2006,yes,306.0
93,01.05.2018,,yes,431.0
93,01.01.2007,31.07.2017,yes,1038.0
93,01.10.2004,,yes,956.0
94,01.04.2006,,yes,393.0
94,01.01.2023,,yes,395.0
95,01.04.2012,,yes,17.0
95,01.07.2020,31.03.2024,yes,119.0
95,01.10.2010,31.08.2015,yes,321.0
95,01.10.2001,30.09.2012,yes,331.0
95,01.01.2009,,yes,343.0
95,01.01.2022,,yes,348.0
95,01.10.2018,31.03.2022,yes,460.0
95,01.10.2011,30.09.2023,yes,462.0
95,01.10.2020,,no,465.0
95,01.10.2014,30.09.2015,yes,536.0
95,01.10.2012,31.08.2015,no,542.0
95,01.10.2011,31.03.2022,yes,562.0
95,01.05.2021,30.09.2024,yes,602.0
95,01.07.2021,,yes,603.0
95,01.09.2010,30.09.2013,yes,697.0
95,01.06.2023,,yes,732.0
95,01.10.2024,,yes,746.0
95,01.01.2014,30.09.2019,yes,749.0
95,01.04.2023,,yes,750.0
95,01.08.2011,30.09.2017,yes,750.0
95,01.10.2023,,yes,834.0
95,01.10.2019,31.12.2022,yes,918.0
95,01.04.2014,,yes,919.0
95,01.01.2018,,yes,943.0
95,01.03.2018,30.09.2025,yes,944.0
95,01.10.2024,,yes,1017.0
95,01.10.2012,30.09.2013,yes,1156.0
95,01.10.2005,30.09.2007,yes,420.0
95,01.10.2013,28.02.2021,yes,518.0
95,01.10.2010,30.09.2018,yes,539.0
95,01.09.2025,,yes,609.0
95,01.10.2005,30.09.2010,yes,659.0
95,01.03.2025,,yes,809.0
95,01.01.2020,31.12.2020,yes,1039.0
96,01.04.2024,,yes,119.0
97,01.09.2019,,yes,316.0
97,01.01.2018,,yes,436.0
97,01.01.2015,,yes,725.0
97,01.09.2015,30.09.2019,yes,726.0
97,14.09.2020,10.12.2024,yes,727.0
98,15.01.2025,,yes,727.0
99,01.01.2004,,yes,44.0
99,01.01.2011,,yes,45.0
99,01.01.2013,,yes,468.0
99,01.10.2012,,yes,469.0
99,01.10.2019,,yes,470.0
99,01.10.2020,30.09.2022,yes,611.0
99,01.02.2003,,yes,1112.0
99,01.04.2018,,yes,498.0
100,01.04.2017,31.03.2019,yes,996.0
101,01.10.2007,30.09.2013,yes,419.0
101,01.04.2017,,yes,516.0
101,01.05.2008,,yes,520.0
101,01.05.2017,,yes,536.0
101,01.10.2022,,yes,712.0
101,01.09.2018,31.05.2023,yes,764.0
101,01.02.2011,31.10.2011,yes,765.0
101,01.10.2010,31.03.2021,yes,776.0
101,01.03.2015,31.05.2018,no,832.0
101,01.01.2011,31.12.2016,yes,896.0
101,01.10.2008,30.09.2012,yes,991.0
101,01.01.2010,,yes,1071.0
101,01.01.2011,31.12.2018,yes,1125.0
101,01.10.1990,31.03.2019,yes,903.0
101,01.10.2017,31.12.2018,yes,1073.0
101,01.01.2022,31.12.2022,yes,1159.0
102,01.01.2005,31.07.2013,yes,246.0
102,01.10.2016,,yes,419.0
102,01.10.2022,30.09.2024,yes,443.0
102,01.04.2024,,yes,462.0
102,01.10.2017,,yes,991.0
102,01.01.2021,,yes,992.0
102,01.01.2025,,yes,515.0
103,01.10.2006,30.09.2011,yes,306.0
103,01.09.2018,31.10.2019,yes,474.0
103,01.10.2016,30.09.2020,yes,691.0
103,01.03.2015,30.09.2023,yes,692.0
103,01.10.2016,30.09.2020,yes,695.0
103,01.03.2018,31.05.2022,yes,831.0
103,01.11.2017,31.03.2021,yes,832.0
103,01.01.2021,31.21.2021,yes,1035.0
103,01.10.2011,,yes,694.0
104,01.01.2025,,yes,115.0
104,01.11.2020,,yes,116.0
104,01.04.2018,31.03.2020,yes,116.0
104,01.04.2011,31.08.2015,yes,138.0
104,01.10.2015,31.03.2017,yes,1019.0
104,01.08.2014,30.09.2024,yes,515.0
104,01.10.2018,30.09.2019,yes,1089.0
105,01.04.2021,,yes,117.0
105,01.04.2023,,yes,373.0
105,01.10.2013,30.09.2019,yes,373.0
105,01.03.2025,,yes,489.0
105,01.04.2025,,yes,648.0
105,01.01.2017,31.12.2017,yes,1066.0
106,01.01.2023,,yes,325.0
106,01.01.2014,,yes,326.0
106,01.07.2014,31.12.2023,yes,340.0
106,01.04.2020,30.04.2024,yes,507.0
106,01.01.2014,,yes,650.0
106,01.01.2010,31.12.2022,yes,1096.0
106,01.01.2024,,yes,1096.0
106,01.10.2020,,yes,1095.0
106,01.10.2009,,yes,1098.0
107,01.10.2025,,yes,1046.0
108,01.01.2024,30.09.2025,yes,1046.0
108,01.10.2009,,yes,1052.0
109,01.01.2007,,yes,123.0
109,01.10.2019,,yes,124.0
109,01.11.2016,01.10.2023,yes,220.0
109,01.01.2021,31.05.2021,yes,510.0
109,01.11.2017,,yes,960.0
109,01.01.2008,31.12.2015,yes,1047.0
109,01.10.2019,,yes,1211.0
109,01.10.2012,31.07.2020,yes,1162.0
109,01.01.2025,,yes,1210.0
110,01.01.2023,,yes,889.0
110,01.01.2023,31.10.2024,yes,918.0
110,01.04.2015,,yes,1196.0
111,01.01.2023,,yes,934.0
111,02.09.2016,31.01.2019,yes,995.0
111,01.01.2016,,yes,1047.0
111,01.01.2018,31.12.2013,yes,1051.0
112,01.11.2018,,yes,328.0
112,01.01.2022,,yes,1026.0
112,01.01.2014,,yes,1027.0
112,01.01.2020,,yes,1028.0
112,01.01.2019,,yes,1029.0
112,01.05.2014,,yes,1030.0
112,01.02.2014,,yes,1031.0
113,01.10.1997,30.09.2013,yes,78.0
113,01.03.2017,31.07.2024,yes,111.0
113,01.02.2020,31.03.2023,yes,113.0
113,01.10.2020,31.07.2023,yes,558.0
113,01.09.2022,,yes,606.0
113,01.10.2014,31.07.2016,yes,757.0
113,01.06.2012,31.12.2013,yes,1108.0
113,01.10.2017,30.09.2021,yes,1207.0
113,01.10.2009,30.09.2015,yes,1207.0
113,01.10.2016,30.09.2022,yes,1090.0
113,01.12.2009,28.02.2021,yes,1206.0
114,01.01.2010,,yes,132.0
114,01.10.2003,30.09.2010,yes,135.0
114,01.01.2006,30.09.2010,yes,144.0
114,01.10.2000,30.09.2008,yes,272.0
114,01.04.2020,30.06.2023,no,559.0
114,01.10.2006,30.09.2010,yes,624.0
114,01.10.2004,30.09.2010,yes,673.0
114,01.01.2010,31.12.2011,yes,1031.0
114,01.04.2007,30.09.2012,yes,1080.0
114,01.10.2009,30.09.2010,yes,1177.0
114,01.01.1999,30.09.2005,yes,420.0
114,01.10.2012,31.03.2016,yes,625.0
114,01.10.1997,31.03.2005,yes,847.0
115,01.03.2015,,no,142.0
116,01.10.2016,30.09.2017,yes,148.0
116,01.01.2017,31.03.2021,yes,154.0
116,01.09.2020,,yes,167.0
116,01.09.2015,31.08.2019,yes,316.0
116,01.02.2011,,yes,338.0
116,01.03.2022,,yes,472.0
116,01.10.2007,30.09.2013,yes,534.0
116,01.01.2023,,yes,588.0
116,01.08.2014,28.02.2018,yes,706.0
116,01.10.2013,,yes,708.0
116,01.08.2014,31.05.2018,yes,779.0
116,01.05.2011,,yes,825.0
116,01.01.2021,,yes,961.0
116,01.08.2020,30.09.2021,yes,1011.0
116,01.04.2017,31.10.2020,yes,1019.0
116,01.06.2002,30.09.2015,yes,1019.0
116,01.05.2020,28.02.2021,yes,1130.0
116,01.02.2002,31.03.2015,yes,1139.0
116,01.08.2016,28.02.2019,yes,1189.0
117,01.01.2013,31.12.2018,yes,171.0
118,01.04.2021,,yes,174.0
118,01.01.2019,,yes,243.0
118,01.10.2015,,yes,245.0
118,01.08.2013,,yes,246.0
118,01.09.2004,31.08.2010,yes,247.0
118,01.09.2018,31.01.2025,yes,279.0
118,01.10.2014,,yes,280.0
118,01.11.2020,,yes,281.0
118,01.01.2005,,yes,282.0
118,01.06.2010,31.07.2025,yes,304.0
118,01.01.2013,30.09.2015,yes,305.0
118,01.10.2017,,yes,310.0
118,01.04.2022,31.07.2025,yes,401.0
118,01.10.2009,30.09.2011,yes,777.0
118,01.04.2016,31.03.2021,yes,902.0
118,01.09.2014,,yes,920.0
118,01.10.2006,30.09.2014,yes,754.0
118,01.10.2009,30.09.2011,yes,350.0
119,01.01.2001,,yes,34.0
119,01.09.2018,31.12.2020,yes,174.0
119,01.02.2011,30.11.2016,yes,311.0
119,01.02.2025,,yes,440.0
119,01.03.2022,31.01.2023,no,440.0
119,01.08.2023,,yes,558.0
119,01.07.2023,,yes,559.0
119,01.04.2021,,yes,561.0
119,01.01.2024,,yes,585.0
119,01.11.2017,31.12.2022,yes,889.0
119,01.04.2022,,yes,902.0
119,01.11.2024,,yes,918.0
119,01.08.2023,30.06.2026,yes,560.0
119,01.10.2005,30.09.2009,yes,694.0
120,01.04.2021,,yes,390.0
120,01.03.2005,28.02.2014,yes,600.0
120,01.10.2018,31.07.2018,yes,687.0
120,01.03.2009,01.10.2016,yes,688.0
120,01.10.2014,31.12.2021,yes,689.0
120,01.01.2025,,yes,690.0
120,01.10.2013,,yes,1007.0
121,01.04.2025,,no,855.0
122,01.01.2023,,yes,855.0
122,01.10.2014,30.09.2020,yes,869.0
122,01.01.2023,,yes,1123.0
123,01.07.2011,31.12.2018,yes,652.0
123,01.01.2015,31.12.2022,yes,855.0
123,01.02.2018,31.01.2020,yes,1123.0
124,01.10.2021,,yes,185.0
124,01.06.2021,31.05.2024,yes,510.0
125,01.09.2011,31.08.2021,yes,185.0
125,01.11.2018,30.05.2020,yes,186.0
125,01.01.1994,,yes,187.0
125,01.10.2009,,yes,188.0
125,01.09.2012,30.09.2018,yes,189.0
125,01.10.2006,30.09.2016,yes,190.0
125,01.01.2007,30.06.2016,yes,466.0
125,01.03.2013,31.10.2020,yes,467.0
125,01.10.2001,31.07.2007,yes,871.0
125,01.10.2017,,yes,1119.0
125,01.04.2006,31.07.2007,yes,1149.0
126,01.01.2016,31.12.2016,yes,1106.0
127,01.12.2015,,yes,349.0
127,01.10.2008,30.09.2012,yes,528.0
127,01.04.2016,,yes,986.0
127,01.04.2017,,yes,1004.0
128,01.01.2019,30.09.2019,yes,207.0
128,01.10.2020,,yes,437.0
128,01.02.2019,,yes,1074.0
129,01.04.2016,31.03.2019,yes,153.0
129,01.10.2012,31.12.2018,yes,207.0
130,01.08.2020,,yes,137.0
131,01.04.2010,31.08.2020,yes,137.0
131,01.01.2012,31.03.2017,yes,322.0
131,01.10.2015,30.09.2021,yes,324.0
131,01.06.2019,31.03.2023,yes,587.0
131,01.10.2015,30.09.2020,yes,974.0
131,01.09.2018,30.09.2024,yes,976.0
131,01.07.2015,,yes,977.0
132,01.04.2015,31.03.2021,yes,561.0
133,01.10.2002,30.09.2017,yes,165.0
133,01.04.2012,31.03.2015,yes,561.0
133,01.10.2020,31.03.2025,yes,921.0
133,01.01.2023,,yes,983.0
134,01.01.2015,31.12.2019,yes,381.0
134,01.10.2015,,yes,406.0
134,01.09.2021,30.09.2025,yes,464.0
134,01.10.2007,31.05.2014,yes,725.0
134,01.09.2022,,yes,949.0
134,01.10.2024,30.09.2025,yes,989.0
134,01.04.2005,30.09.2008,yes,1201.0
134,01.03.2020,,yes,780.0
134,01.10.2013,31.10.2017,yes,826.0
134,01.02.2012,31.10.2012,yes,1107.0
135,01.09.2005,,yes,209.0
137,01.10.2010,30.09.2013,yes,58.0
137,01.11.2023,,yes,141.0
137,01.04.2017,,yes,270.0
137,01.07.2018,,yes,271.0
137,01.10.2015,,yes,384.0
137,01.04.2016,,yes,421.0
137,01.10.2019,28.02.2023,yes,440.0
137,25.10.2009,31.01.2018,yes,440.0
137,01.10.2007,,yes,441.0
137,01.04.2023,,yes,474.0
137,01.04.2019,28.02.2021,yes,524.0
137,01.10.2013,30.09.2015,yes,534.0
137,01.10.2022,,yes,540.0
137,01.10.2013,,yes,541.0
137,01.01.2023,,yes,583.0
137,01.10.2010,30.09.2013,yes,624.0
137,01.04.2023,30.09.2023,yes,667.0
137,01.01.2017,31.12.2017,yes,738.0
137,01.03.2014,31.08.2020,yes,758.0
137,01.02.2017,,yes,759.0
137,01.04.2009,31.03.2019,yes,760.0
137,01.10.2010,,yes,761.0
137,01.10.2025,,yes,900.0
137,01.10.2021,31.07.2025,no,949.0
137,01.10.2022,,yes,1011.0
137,01.04.2023,,yes,1079.0
137,01.10.2010,30.09.2013,yes,1172.0
137,01.10.2016,,yes,1199.0
137,01.10.2011,30.09.2021,yes,439.0
137,01.04.2021,30.09.2022,yes,617.0
333,01.09.2016,31.12.2020,yes,653.0
137,01.12.2020,,yes,653.0
137,01.04.2022,,yes,739.0
137,01.10.2016,30.09.2017,yes,739.0
137,01.04.2011,,yes,740.0
137,01.10.2010,,yes,762.0
137,01.10.1999,30.09.2004,yes,762.0
137,01.04.2021,30.09.2022,yes,1058.0
138,01.10.2011,31.03.2012,yes,306.0
138,01.04.2016,31.03.2018,no,677.0
138,01.08.2014,,no,678.0
138,01.04.2022,30.09.2022,yes,797.0
138,01.10.2011,29.02.2016,yes,933.0
138,01.10.2016,30.09.2019,yes,679.0
139,01.01.2024,30.11.2025,yes,1034.0
139,01.08.2019,,yes,1050.0
139,01.07.2016,30.09.2018,yes,1050.0
140,01.03.2019,30.06.2021,yes,362.0
140,01.10.2012,31.12.2022,yes,934.0
140,01.01.2015,,yes,1055.0
140,01.10.2000,,yes,394.0
140,01.10.2020,30.09.2024,yes,398.0
141,01.01.2015,31.03.2021,yes,475.0
141,01.04.2016,,yes,502.0
141,01.09.2012,30.09.2015,no,553.0
141,01.01.2013,,yes,1022.0
142,01.10.2006,30.09.2016,yes,512.0
142,01.09.2011,,yes,1049.0
142,01.10.2018,30.04.2021,yes,1050.0
142,01.03.2014,31.03.2017,yes,643.0
143,01.01.2009,,yes,157.0
143,01.07.2017,31.03.2021,yes,158.0
143,01.07.2017,31.03.2021,yes,159.0
143,01.12.2009,,yes,160.0
143,01.11.2023,31.03.2025,yes,440.0
143,01.02.2010,31.10.2016,yes,547.0
143,01.04.2012,31.03.2018,yes,677.0
143,01.10.2011,31.08.2014,yes,678.0
143,01.10.2019,,yes,717.0
143,01.04.2020,,yes,718.0
143,01.10.2019,,yes,749.0
143,01.02.2010,28.02.2012,yes,835.0
143,01.12.2017,31.03.2023,yes,912.0
143,01.04.2012,,yes,968.0
143,01.01.2011,,yes,970.0
143,01.01.2014,31.12.2018,yes,1029.0
143,01.01.2018,30.09.2021,yes,1126.0
143,01.04.2010,31.03.2011,yes,513.0
143,01.11.2012,31.10.2016,yes,679.0
143,01.10.2008,31.03.2016,yes,948.0
143,01.10.2025,,yes,1139.0
143,01.04.2015,31.12.2016,yes,1139.0
144,01.01.2012,31.12.2107,yes,436.0
144,01.07.2016,30.06.2023,yes,466.0
144,01.10.2005,,yes,814.0
144,01.10.2014,28.02.2020,yes,437.0
144,01.09.2011,30.09.2013,yes,1117.0
145,01.05.2005,30.09.2008,yes,56.0
145,01.10.2012,31.01.2018,yes,145.0
145,01.04.2012,30.06.2023,no,466.0
145,01.04.2017,,yes,556.0
145,01.04.2012,31.12.2021,yes,698.0
145,01.11.2015,30.06.2023,yes,704.0
145,01.10.2012,31.03.2020,yes,705.0
145,01.10.2017,30.09.2020,yes,921.0
145,01.10.2013,30.09.2016,yes,961.0
145,01.10.2008,30.09.2013,yes,1008.0
145,01.10.2017,,yes,513.0
145,01.03.2012,31.08.2017,yes,613.0
145,01.05.2021,31.07.2023,yes,1094.0
146,01.07.2023,,yes,466.0
147,01.01.2003,,yes,787.0
147,01.10.1999,,yes,1015.0
148,01.08.2022,,yes,85.0
148,01.08.2019,31.03.2020,yes,85.0
148,01.01.2023,,yes,1012.0
148,01.01.2023,31.12.2023,yes,1096.0
149,01.02.2022,,yes,1185.0
149,01.01.2025,,yes,1186.0
150,01.10.2008,,yes,130.0
150,01.04.2020,,yes,705.0
150,01.10.2006,30.09.2013,yes,708.0
150,01.08.2021,31.12.2025,yes,755.0
150,01.04.2011,31.03.2014,yes,829.0
150,01.10.2016,,yes,899.0
150,01.01.2005,31.03.2017,yes,1061.0
150,01.01.2006,,yes,756.0
150,01.10.2004,30.09.2010,yes,762.0
151,01.04.2023,,yes,63.0
151,01.01.2018,,yes,264.0
151,01.01.2024,31.12.2024,yes,303.0
151,01.04.2012,,yes,306.0
151,01.10.2018,31.12.2021,yes,579.0
151,01.01.2014,,yes,824.0
151,01.02.2019,,yes,946.0
151,01.04.2012,30.09.2013,yes,1069.0
152,01.08.2025,,yes,304.0
152,01.04.2017,,yes,633.0
152,01.01.2023,,yes,654.0
152,01.10.2022,,yes,655.0
152,01.10.2014,,yes,789.0
152,10.01.2021,31.01.2023,yes,889.0
152,01.10.2008,,yes,890.0
152,01.10.2004,30.09.2008,yes,754.0
153,01.04.2020,31.07.2023,yes,372.0
153,01.04.2007,30.09.2016,yes,633.0
153,01.10.2025,,yes,491.0
154,01.04.2012,31.03.2017,no,270.0
155,01.02.2025,,yes,279.0
156,01.01.2012,31.03.2019,yes,57.0
156,01.10.2018,31.07.2019,yes,366.0
156,01.10.2014,,yes,829.0
156,01.10.2015,,yes,973.0
157,01.01.2014,,yes,314.0
157,01.01.2023,,yes,1067.0
158,01.04.2024,,yes,322.0
159,01.10.2018,28.02.2019,yes,153.0
159,01.04.2019,31.12.2021,yes,218.0
159,01.10.2016,,yes,311.0
159,01.10.2008,30.09.2012,yes,313.0
159,01.04.2017,31.03.2024,yes,322.0
159,01.10.2024,,yes,337.0
159,01.10.2013,30.09.2014,yes,536.0
159,01.03.2018,,yes,593.0
159,01.10.2009,31.03.2011,yes,763.0
159,01.04.2025,,yes,837.0
159,01.01.2019,31.12.2023,yes,881.0
159,01.10.2019,,yes,883.0
159,01.10.2016,30.09.2022,yes,1080.0
159,01.10.2009,30.09.2012,yes,599.0
159,01.10.1991,30.09.1997,yes,756.0
159,01.10.2014,,yes,882.0
159,01.11.2012,31.03.2016,yes,998.0
159,01.10.2020,30.09.2025,yes,1115.0
159,01.10.2004,31.12.2006,yes,1137.0
160,01.10.2018,30.09.2019,yes,816.0
161,01.01.2022,,yes,327.0
161,01.04.2020,,yes,341.0
162,01.01.2015,31.12.2015,yes,327.0
163,01.10.2016,31.08.2023,yes,305.0
163,01.04.2021,,yes,927.0
163,01.10.2001,30.09.2022,yes,969.0
163,01.10.2025,,yes,976.0
164,01.01.2000,,yes,5.0
164,01.01.2015,,yes,6.0
164,01.10.2013,,yes,7.0
164,01.04.2023,31.05.2025,yes,664.0
165,01.12.2021,30.04.2024,yes,1124.0
166,01.10.2024,,no,337.0
167,01.09.2018,30.06.2022,yes,359.0
167,01.10.2019,,yes,726.0
167,01.01.1998,,yes,358.0
167,01.01.2019,,yes,794.0
168,01.01.2017,31.03.2020,yes,341.0
168,01.01.2016,01.05.2016,yes,936.0
168,16.10.2017,,yes,647.0
169,01.07.1999,,yes,175.0
170,01.03.2019,31.12.2023,yes,355.0
170,15.02.2010,,yes,363.0
171,01.01.2024,,yes,355.0
172,10.02.2020,06.02.2022,yes,935.0
172,01.06.2016,,yes,936.0
172,01.07.2016,,yes,938.0
172,01.01.1998,,yes,939.0
174,01.09.2015,31.08.2020,yes,244.0
174,01.09.2010,28.02.2024,yes,247.0
174,01.10.2013,31.12.2018,yes,301.0
174,01.12.2018,31.10.2020,yes,323.0
174,01.04.2017,31.01.2022,yes,553.0
174,01.09.2012,30.09.2015,yes,553.0
174,01.01.2023,,yes,975.0
174,01.01.2012,31.12.2017,yes,1126.0
174,01.05.2012,30.04.2015,yes,910.0
175,15.07.2023,,yes,369.0
175,01.10.2014,,yes,1170.0
175,01.01.2015,,yes,1171.0
175,01.08.2019,31.08.2021,yes,1169.0
176,01.01.2021,31.12.2021,yes,375.0
177,01.10.2015,30.09.2017,yes,67.0
177,01.12.2009,31.03.2011,yes,68.0
177,01.01.2022,,yes,375.0
177,01.01.2022,,yes,579.0
177,01.01.2024,,yes,677.0
177,01.01.2022,,yes,771.0
177,01.01.2018,,yes,772.0
177,01.10.2004,30.09.2019,yes,774.0
177,01.04.2012,,yes,775.0
177,10.112.020,,yes,1019.0
177,01.01.2018,,yes,408.0
177,01.10.2008,,yes,773.0
178,01.11.2018,31.03.2021,yes,390.0
178,01.09.2021,28.02.2022,yes,472.0
178,01.10.2016,30.09.2021,yes,655.0
179,01.01.2020,,yes,189.0
180,01.10.2018,31.12.2019,yes,189.0
181,01.01.2023,,yes,381.0
181,01.01.2022,,yes,1048.0
181,01.11.2013,,yes,1056.0
182,01.01.2008,31.03.2025,yes,210.0
182,01.10.2005,,yes,1114.0
183,01.01.1993,,yes,383.0
183,01.05.2022,,yes,384.0
185,01.05.2019,30.04.2020,yes,412.0
186,01.09.2023,,yes,335.0
186,01.04.2019,,yes,415.0
186,01.10.2010,30.09.2012,yes,622.0
186,01.09.2009,,yes,722.0
186,01.04.2020,,yes,876.0
186,01.10.2010,,yes,723.0
187,01.01.2021,31.12.2024,yes,416.0
187,01.09.2022,,yes,668.0
187,01.01.2010,31.01.2019,yes,946.0
187,01.10.2020,,no,947.0
187,01.10.2009,30.09.2011,yes,1083.0
187,01.10.2011,31.12.2016,yes,1151.0
188,01.01.2019,31.12.2019,yes,819.0
189,01.09.2013,,yes,221.0
189,01.09.2019,,yes,595.0
189,01.09.2023,,yes,596.0
189,01.01.2018,,yes,597.0
189,01.08.2018,,yes,843.0
189,01.01.2021,,yes,844.0
189,01.08.2012,,yes,845.0
189,01.01.2024,,yes,1051.0
189,01.01.2024,,yes,1053.0
190,01.10.2014,31.03.2015,yes,406.0
190,01.10.2009,,yes,407.0
190,01.10.2016,,yes,533.0
190,01.10.2016,31.01.2018,yes,546.0
190,01.10.2024,30.09.2025,yes,976.0
190,01.04.2012,30.09.2015,yes,430.0
191,01.10.2018,,yes,84.0
191,01.11.2022,31.10.2025,yes,438.0
191,01.10.2021,31.03.2022,yes,763.0
191,01.11.2013,30.08.2018,yes,923.0
191,01.10.2021,,yes,439.0
192,01.01.2025,,yes,432.0
192,01.05.2009,31.10.2010,yes,432.0
192,01.04.2016,,yes,442.0
192,01.01.2006,31.03.2014,yes,442.0
192,01.10.2010,30.09.2022,yes,443.0
192,01.11.2018,31.05.2023,yes,578.0
192,01.01.2022,31.12.2023,yes,444.0
193,01.04.2014,31.03.2016,yes,442.0
194,01.02.2023,,yes,511.0
195,01.10.2018,30.09.2023,yes,433.0
195,01.10.2022,,yes,582.0
195,01.04.2025,,yes,646.0
195,01.02.2011,31.03.2014,yes,719.0
195,01.01.2012,,yes,721.0
195,01.10.2022,,yes,797.0
195,01.01.2019,31.03.2022,yes,797.0
195,01.10.2015,30.09.2024,yes,1000.0
195,01.10.2018,,yes,493.0
195,01.10.2012,30.09.2015,yes,720.0
196,1.012.022,,yes,101.0
196,01.04.2024,31.03.2025,yes,648.0
196,01.05.2017,,,1178.0
196,01.02.2016,,yes,599.0
197,01.01.2003,,yes,450.0
197,01.07.2017,31.12.2022,yes,451.0
198,01.01.2015,,yes,1088.0
199,01.01.2024,,yes,475.0
199,01.01.2011,31.03.2015,yes,502.0
199,01.10.2018,,yes,851.0
199,01.10.2007,30.09.2015,yes,780.0
199,01.01.2012,,yes,941.0
200,01.01.2020,30.06.2022,yes,47.0
200,01.10.2017,,yes,148.0
200,01.11.2007,,yes,476.0
200,01.10.2011,,yes,783.0
200,01.09.2023,,yes,831.0
201,01.04.2015,,yes,529.0
201,01.10.2021,31.12.2023,yes,813.0
201,01.04.2023,31.03.2025,yes,912.0
201,01.04.2014,,yes,1177.0
201,01.10.2015,30.09.2017,yes,1207.0
201,01.10.2007,,yes,530.0
201,01.01.2024,,yes,679.0
201,01.10.2006,,yes,815.0
202,01.09.2017,,yes,51.0
202,01.04.2014,,yes,52.0
202,01.10.2022,,yes,878.0
202,01.04.2022,,yes,892.0
203,01.03.2015,31.08.2017,yes,51.0
203,01.10.2016,,yes,547.0
204,01.01.2025,,yes,503.0
205,01.10.2024,31.01.2026,yes,506.0
207,01.10.2021,,yes,361.0
207,01.10.2013,30.09.2016,yes,374.0
207,01.01.2018,31.12.2021,yes,589.0
207,01.01.2021,31.12.2021,yes,590.0
207,01.06.2014,,yes,591.0
207,01.10.2009,,yes,628.0
207,01.10.2010,,yes,629.0
207,01.10.2011,28.02.2022,yes,777.0
207,01.01.2021,,yes,924.0
207,01.01.2017,30.09.2021,yes,983.0
207,01.10.2011,,yes,984.0
207,01.04.2023,,yes,577.0
207,01.10.2015,,yes,1076.0
207,01.10.2011,28.02.2022,yes,350.0
208,01.03.2018,28.02.2021,yes,138.0
208,01.01.2009,,yes,519.0
209,01.11.2025,,,521.0
209,01.09.2015,31.03.2020,yes,521.0
209,01.10.2015,,yes,534.0
209,01.10.2016,30.09.2020,yes,671.0
209,01.01.2020,,yes,1006.0
209,01.10.2010,30.09.2013,yes,1007.0
209,01.10.2013,,yes,1008.0
209,01.04.2005,,yes,1010.0
209,01.02.2017,,yes,1045.0
209,01.10.2013,,yes,1083.0
209,01.10.2016,30.09.2018,yes,493.0
209,01.08.2009,,yes,1009.0
209,01.09.2004,,yes,1082.0
210,01.10.2009,,yes,1013.0
211,01.01.2026,,yes,310.0
211,01.08.2023,,yes,531.0
212,01.01.2013,31.03.2024,yes,555.0
213,01.01.2004,,yes,40.0
213,01.06.2015,31.03.2016,yes,62.0
213,01.04.2017,,yes,269.0
213,01.01.2006,,no,575.0
213,01.01.2007,31.08.2021,yes,576.0
213,01.09.2018,28.02.2023,yes,879.0
213,01.06.2011,30.09.2018,yes,916.0
213,01.04.2022,31.03.2023,yes,1213.0
213,01.10.2012,31.05.2018,yes,498.0
213,01.09.2011,30.04.2017,yes,577.0
213,01.10.2022,30.09.2025,yes,925.0
213,01.10.2018,30.09.2021,yes,925.0
213,01.10.2017,28.02.2018,yes,1091.0
213,01.03.2016,28.02.2020,yes,1117.0
214,01.10.2004,30.09.2009,yes,216.0
214,01.02.2021,,yes,247.0
214,01.10.2012,30.09.2018,yes,286.0
214,01.10.2010,30.09.2016,yes,649.0
214,01.01.2020,,yes,768.0
214,01.10.2025,,yes,584.0
214,01.10.2000,30.09.2004,yes,754.0
214,01.09.2012,30.04.2015,yes,1212.0
215,01.01.2017,31.12.2020,yes,564.0
216,01.01.2022,,yes,20.0
216,01.05.2016,30.04.2018,yes,568.0
216,01.02.2026,,yes,422.0
216,01.01.2009,30.09.2010,yes,539.0
216,01.08.2015,,yes,1103.0
216,01.02.2007,31.08.2008,yes,1103.0
217,01.09.2022,,yes,562.0
218,01.04.2022,31.08.2022,yes,562.0
218,01.10.2012,30.09.2017,yes,991.0
218,01.04.2013,30.11.2018,yes,1181.0
219,01.04.2016,31.07.2019,yes,572.0
219,01.10.2012,31.12.2016,yes,921.0
219,01.04.2018,30.04.2021,yes,1094.0
220,01.01.2000,,yes,575.0
221,01.10.2024,,yes,443.0
222,01.10.2020,30.09.2023,yes,834.0
223,01.10.2018,31.03.2020,yes,834.0
225,01.10.2015,30.09.2020,no,592.0
225,01.01.2018,,yes,828.0
225,01.04.2011,28.02.2013,yes,639.0
225,01.01.2017,,yes,735.0
225,01.10.2002,31.12.2005,yes,756.0
226,01.07.2007,,yes,871.0
226,01.01.2021,,yes,953.0
227,01.09.2017,31.08.2019,yes,595.0
227,16.10.2017,31.08.2019,yes,596.0
228,01.09.2019,31.12.2024,yes,596.0
229,01.01.2024,,yes,169.0
230,01.10.2020,30.09.2022,yes,598.0
230,01.08.2010,31.03.2013,yes,1181.0
231,01.02.2014,,yes,600.0
231,01.01.2011,30.09.2012,yes,934.0
231,01.01.2001,,yes,1102.0
231,01.09.2016,30.04.2017,yes,878.0
231,01.10.2014,,yes,911.0
231,01.01.2022,,yes,1100.0
232,01.10.2016,01.10.2024,yes,786.0
232,01.10.2021,01.01.2024,yes,1054.0
233,01.10.2016,30.09.2020,yes,110.0
234,01.08.2015,,yes,23.0
234,01.04.1990,,yes,456.0
234,01.01.2008,,yes,457.0
234,01.01.2011,31.12.2016,yes,1023.0
234,01.07.2018,,yes,1193.0
235,01.01.2015,,yes,494.0
235,01.03.2006,30.08.2012,yes,1143.0
235,01.02.2013,,yes,1143.0
236,01.10.2013,,yes,645.0
236,01.10.2019,,yes,799.0
237,01.10.2023,,yes,619.0
237,01.10.2002,30.09.2008,yes,773.0
237,01.08.2007,30.09.2011,yes,1149.0
238,01.10.2019,30.09.2020,no,627.0
239,01.03.2012,,yes,352.0
239,01.01.2002,31.12.2020,yes,982.0
239,01.01.2010,31.03.2025,yes,1003.0
239,01.01.2019,,yes,1129.0
240,01.09.2024,,yes,758.0
240,01.04.2025,,yes,1003.0
240,01.10.2009,30.09.2015,yes,973.0
241,01.01.2013,,yes,810.0
241,01.01.2020,,yes,811.0
242,01.04.2024,,yes,134.0
242,01.01.2019,,yes,1164.0
243,01.10.2020,30.09.2022,yes,582.0
243,01.10.2016,,yes,666.0
244,01.09.2025,,yes,786.0
244,01.01.2021,,yes,844.0
244,01.01.2022,,yes,1166.0
245,01.01.1998,,yes,684.0
245,01.01.2011,,yes,685.0
245,01.10.2002,,yes,686.0
246,01.10.2007,30.09.2016,yes,75.0
246,01.10.2013,,yes,222.0
246,01.04.2004,01.01.2010,yes,687.0
246,01.12.2005,31.07.2009,yes,688.0
247,01.06.1996,31.07.2021,yes,987.0
247,01.09.2012,,yes,990.0
248,01.03.2018,,yes,706.0
248,01.01.2024,31.12.2024,yes,707.0
249,01.10.2021,,yes,689.0
250,01.05.2022,30.04.2025,yes,689.0
251,01.06.2011,31.03.2012,yes,269.0
251,01.09.2013,31.07.2022,yes,710.0
252,01.01.2003,,yes,284.0
252,01.06.2017,31.05.2024,yes,285.0
252,01.10.2018,,yes,286.0
252,01.04.2017,,yes,287.0
253,01.10.2014,20.06.2020,yes,719.0
255,01.10.2011,30.09.2012,yes,92.0
255,01.10.2025,,yes,366.0
255,01.06.2023,,yes,764.0
255,01.04.1999,31.03.2011,yes,483.0
255,01.05.2005,31.03.2010,yes,608.0
255,01.10.2011,30.09.2014,yes,818.0
255,01.10.2007,30.04.2011,yes,1068.0
256,01.10.2019,,no,947.0
257,01.01.2022,,yes,218.0
258,01.02.2023,,yes,427.0
258,01.04.2022,,yes,428.0
259,01.11.2024,,yes,359.0
260,01.10.2022,30.11.2024,yes,359.0
261,01.01.1999,,yes,901.0
262,01.02.2024,31.08.2024,yes,758.0
263,01.04.2023,31.01.2024,yes,758.0
264,01.09.2020,31.03.2023,yes,758.0
265,01.08.1999,30.09.2020,yes,763.0
266,01.01.2010,31.10.2021,yes,644.0
266,01.02.2018,31.07.2021,yes,643.0
267,01.04.2016,,yes,356.0
267,01.01.2023,,yes,357.0
267,01.01.2008,,yes,781.0
268,01.10.2016,31.12.2019,yes,1165.0
268,01.09.2006,,yes,1167.0
269,01.10.2023,,yes,937.0
270,01.09.2025,,yes,795.0
271,01.01.2000,,yes,913.0
272,01.10.2004,30.09.2015,yes,828.0
273,01.01.2014,30.09.2015,yes,695.0
273,01.10.2005,,yes,696.0
274,01.07.2016,30.09.2019,yes,875.0
275,01.02.2021,,yes,208.0
276,01.10.2005,,yes,392.0
277,01.04.2018,,yes,374.0
277,01.01.2024,,yes,881.0
277,01.10.2018,,yes,988.0
278,01.05.2017,31.03.2020,yes,887.0
279,15.07.2023,,yes,704.0
280,01.01.1999,,yes,1101.0
281,01.01.2023,,yes,181.0
282,01.01.2025,,yes,1097.0
283,01.10.2024,,yes,699.0
284,01.01.2020,,yes,569.0
285,01.01.2020,,yes,396.0
286,01.04.2025,,yes,921.0
287,01.08.2014,31.08.2018,yes,935.0
288,01.02.2022,,yes,935.0
289,01.01.2001,,yes,413.0
289,01.10.1996,,yes,414.0
289,01.08.2025,,no,1143.0
290,01.10.2014,31.12.2017,yes,943.0
290,01.03.2021,30.08.2021,yes,743.0
291,01.10.2010,30.09.2014,yes,943.0
293,01.10.2010,30.09.2011,yes,349.0
293,01.10.2010,30.09.2018,yes,354.0
293,01.09.2020,28.02.2026,yes,962.0
294,01.01.2026,,yes,1014.0
295,01.07.2004,,yes,665.0
296,01.04.2023,,yes,880.0
297,01.10.2022,31.03.2023,yes,880.0
297,01.05.2017,31.03.2023,yes,577.0
297,01.10.2023,,yes,1068.0
298,01.08.2019,,yes,8.0
299,01.01.2021,,yes,1203.0
300,01.10.2016,31.05.2023,yes,732.0
301,01.01.2023,,yes,1057.0
302,01.10.2009,,yes,1057.0
302,01.06.2016,,yes,1192.0
304,01.09.2016,28.02.2019,yes,995.0
305,01.04.2009,31.10.2015,yes,922.0
305,01.10.2024,,yes,1000.0
306,01.03.2021,31.01.2022,yes,1011.0
307,01.09.2024,,yes,979.0
308,01.02.2021,,yes,700.0
309,01.01.2005,,,1154.0
310,01.01.2001,31.12.2023,yes,729.0
311,01.01.2023,,yes,805.0
312,01.01.2024,,yes,397.0
313,01.12.2025,,yes,1034.0
314,01.10.2020,30.09.2021,yes,1034.0
6,01.10.2015,30.09.2016,yes,305.0
316,01.12.2018,31.10.2019,yes,417.0
316,01.10.2011,30.09.2014,yes,616.0
316,01.10.2021,,yes,1138.0
317,01.05.2013,30.04.2014,yes,87.0
318,01.10.2020,30.04.2021,yes,165.0
319,01.01.1994,,yes,176.0
320,01.10.2021,,no,188.0
321,01.10.2009,,yes,216.0
322,01.09.2022,,no,269.0
323,01.01.2013,30.11.2018,yes,328.0
324,01.10.2015,31.12.2023,yes,336.0
325,01.01.2023,31.12.2024,yes,399.0
326,01.12.2994,,yes,455.0
327,01.10.2010,30.09.2014,yes,493.0
328,01.10.2017,,yes,496.0
330,01.09.2013,30.04.2016,yes,586.0
331,01.10.2012,30.09.2016,yes,599.0
331,01.07.2010,31.03.2012,yes,910.0
334,01.01.2015,31.12.2020,yes,653.0
334,01.10.2015,,yes,720.0
335,01.01.2022,31.12.2002,yes,785.0
335,01.01.2023,31.12.2023,yes,1179.0
336,01.10.2023,31.03.2025,yes,809.0
337,01.03.2024,,yes,852.0
338,01.08.2007,31.03.2023,yes,852.0
339,01.10.2024,,yes,853.0
340,01.02.2014,31.03.2014,yes,878.0
341,01.06.2021,,yes,910.0
342,01.10.2021,30.09.2022,yes,925.0
343,01.04.2011,,yes,926.0
344,01.09.2014,31.12.2014,no,941.0
345,01.10.1996,31.03.2021,yes,1059.0
346,01.04.2021,,yes,1059.0
347,01.10.2023,,yes,1060.0
348,01.10.2025,,yes,1115.0
349,01.07.2014,30.08.2015,no,1143.0
350,01.10.2011,30.06.2016,no,1149.0
351,01.10.2015,31.08.2024,yes,1182.0
352,01.01.2025,,yes,1187.0
352,01.01.2021,,yes,1188.0
315,01.10.2019,30.09.2023,yes,1068.0
332,01.10.2019,,yes,616.0
